id,uuid,observed_on_string,observed_on,time_observed_at,time_zone,user_id,user_login,user_name,created_at,updated_at,quality_grade,license,url,image_url,sound_url,tag_list,description,num_identification_agreements,num_identification_disagreements,captive_cultivated,oauth_application_id,place_guess,latitude,longitude,positional_accuracy,private_place_guess,private_latitude,private_longitude,public_positional_accuracy,geoprivacy,taxon_geoprivacy,coordinates_obscured,positioning_method,positioning_device,species_guess,scientific_name,common_name,iconic_taxon_name,taxon_id
134099114,02215c02-c9de-4063-a002-dba5e9c96b96,2022-09-06 21:10:00-07:00,2022-09-06,2022-09-07 04:10:00 UTC,Pacific Time (US & Canada),6118043,hunter3ross,,2022-09-07 22:20:47 UTC,2022-09-17 00:08:54 UTC,research,CC-BY-NC,https://www.inaturalist.org/observations/134099114,https://inaturalist-open-data.s3.amazonaws.com/photos/228519035/medium.jpg,,"","",1,0,false,3,"Calabasas Country Club, Calabasas, CA, US",34.1362655,-118.663006,3062,,,,3062,,,false,,,Garden Snail,Cornu aspersum,Garden Snail,Mollusca,480298
134111542,693f5753-3975-4f91-9a51-d852134080a2,2022-03-16 18:50:00-07:00,2022-03-16,2022-03-17 01:50:00 UTC,Pacific Time (US & Canada),6118043,hunter3ross,,2022-09-08 00:16:30 UTC,2022-11-27 03:11:05 UTC,research,CC-BY-NC,https://www.inaturalist.org/observations/134111542,https://inaturalist-open-data.s3.amazonaws.com/photos/228542792/medium.jpg,,"","",4,0,false,3,"Cambridge St, Cambria, CA, US",35.5637133333,-121.1066278333,4,,,,4,,open,false,,,Columbian Black-tailed Deer,Odocoileus hemionus,Mule Deer,Mammalia,42220
134111694,a73650c2-4c17-4011-9ffb-020f86d05152,2022-07-23 17:00:00-10:00,2022-07-23,2022-07-24 03:00:00 UTC,Hawaii,6118043,hunter3ross,,2022-09-08 00:18:07 UTC,2022-09-08 05:29:25 UTC,research,CC-BY-NC,https://www.inaturalist.org/observations/134111694,https://inaturalist-open-data.s3.amazonaws.com/photos/228543171/medium.jpg,,"","",2,0,false,3,"Royal Hawaiian Center, Honolulu, HI, US",21.2785666667,-157.8287366667,14,,,,14,,open,false,,,Rhinella marina,Rhinella marina,Cane Toad,Amphibia,553515
134111932,f4924a71-6dc5-44a1-b806-5cb34c16c8fb,2022-07-25 15:00:00-07:00,2022-07-25,2022-07-25 22:00:00 UTC,Hawaii,6118043,hunter3ross,,2022-09-08 00:20:44 UTC,2022-09-08 00:42:28 UTC,research,CC-BY-NC,https://www.inaturalist.org/observations/134111932,https://inaturalist-open-data.s3.amazonaws.com/photos/228543721/medium.jpg,,"","",2,0,false,3,"Oʻahu, Honolulu, HI, US",21.32551245,-157.856486,5686,,,,5686,,open,false,,,Black-crowned Night-Heron,Nycticorax nycticorax,Black-crowned Night Heron,Aves,4981
134112071,219fb985-f5f6-4db1-9fdb-4f0676bbf781,2022-01-15 18:03:00-08:00,2022-01-15,2022-01-16 02:03:00 UTC,Pacific Time (US & Canada),6118043,hunter3ross,,2022-09-08 00:22:02 UTC,2022-09-08 00:22:09 UTC,needs_id,CC-BY-NC,https://www.inaturalist.org/observations/134112071,https://inaturalist-open-data.s3.amazonaws.com/photos/228544022/medium.jpg,,"","",0,0,false,3,"Masterson Dr, Thousand Oaks, CA, US",34.1843833333,-118.864975,7,,,,7,,,false,,,"",Araneinae,Typical Orbweavers,Arachnida,417879
134112150,5efdab92-21ad-40cd-8429-c8cbd5b2c6b1,2022-05-07 14:28:00-07:00,2022-05-07,2022-05-07 21:28:00 UTC,Pacific Time (US & Canada),6118043,hunter3ross,,2022-09-08 00:22:53 UTC,2022-10-22 22:09:11 UTC,research,CC-BY-NC,https://www.inaturalist.org/observations/134112150,https://inaturalist-open-data.s3.amazonaws.com/photos/228544203/medium.jpg,,"","",2,0,false,3,"Botanic Garden Nature Trail, Thousand Oaks, CA, US",34.1923633333,-118.8821333333,6,,,,6,,open,false,,,Monarch,Danaus plexippus,Monarch,Insecta,48662
134112382,26c500fb-64f3-44ac-a6b1-46d1d9ced7b3,2022-05-28 10:50:00-07:00,2022-05-28,2022-05-28 17:50:00 UTC,Pacific Time (US & Canada),6118043,hunter3ross,,2022-09-08 00:24:35 UTC,2023-02-08 21:38:17 UTC,research,CC-BY-NC,https://www.inaturalist.org/observations/134112382,https://inaturalist-open-data.s3.amazonaws.com/photos/228544523/medium.jpg,,"","",1,0,false,3,"San Luis Obispo, CA, US",35.19960895,-120.719946,1731,,,,1731,,,false,,,California poppy,Eschscholzia californica,California poppy,Plantae,48225
134245189,2c3052b8-e86b-4417-be8a-4df69eba24ce,2022-05-28 10:31:00-07:00,2022-05-28,2022-05-28 17:31:00 UTC,Pacific Time (US & Canada),6118043,hunter3ross,,2022-09-09 00:52:54 UTC,2022-11-11 09:27:16 UTC,research,CC-BY-NC,https://www.inaturalist.org/observations/134245189,https://inaturalist-open-data.s3.amazonaws.com/photos/228791189/medium.jpg,,"","",3,1,false,3,"Spooners Cove, CA, US",35.2749250025,-120.888595,20,,,,20,,,false,,,Northern Kelp Crab,Pugettia producta,Northern Kelp Crab,Animalia,49723
134245517,e87a3df7-492a-4ddb-a038-4d448f4da7df,2022-05-03 13:48:00-07:00,2022-05-03,2022-05-03 20:48:00 UTC,Pacific Time (US & Canada),6118043,hunter3ross,,2022-09-09 00:56:07 UTC,2022-09-22 03:17:16 UTC,research,CC-BY-NC,https://www.inaturalist.org/observations/134245517,https://inaturalist-open-data.s3.amazonaws.com/photos/228791850/medium.jpg,,"","",2,0,false,3,"Cabrillo Hwy, CA, US",35.6268783333,-121.1593333333,5,,,,5,,,false,,,California Mussel,Mytilus californianus,California Mussel,Mollusca,62806
134246147,025d7202-ec52-43a5-b894-99ae00ed2df0,2022-09-08 17:59:20-07:00,2022-09-08,2022-09-09 00:59:20 UTC,Pacific Time (US & Canada),6118043,hunter3ross,,2022-09-09 01:01:42 UTC,2022-09-09 01:01:46 UTC,needs_id,CC-BY-NC,https://www.inaturalist.org/observations/134246147,https://inaturalist-open-data.s3.amazonaws.com/photos/228792848/medium.jpg,,"","",0,0,false,3,"W Hillcrest Dr, Thousand Oaks, CA, US",34.187749,-118.889065,6037,,,,6037,,,false,,,"",Latrodectus hesperus,Western Black Widow,Arachnida,47382
134373080,eb449e06-6afc-4942-8e26-84bb9a4c781c,2022-09-09 17:20:05-07:00,2022-09-09,2022-09-10 00:20:05 UTC,Pacific Time (US & Canada),6118043,hunter3ross,,2022-09-10 01:50:33 UTC,2022-09-30 00:20:10 UTC,research,CC-BY-NC,https://www.inaturalist.org/observations/134373080,https://inaturalist-open-data.s3.amazonaws.com/photos/229031453/medium.jpg,,"","",3,1,false,3,"Santa Barbara Channel, Goleta, CA, US",34.4314716667,-119.9173366667,8,,,,8,,open,false,,,Snowy Egret,Egretta thula,Snowy Egret,Aves,4940
134621993,f0f34f8e-609b-4f6b-99d2-522031e79fbb,2022-09-09 22:52:19-07:00,2022-09-09,2022-09-10 05:52:19 UTC,Pacific Time (US & Canada),6118043,hunter3ross,,2022-09-11 18:56:58 UTC,2024-05-06 21:43:49 UTC,needs_id,CC-BY-NC,https://www.inaturalist.org/observations/134621993,https://inaturalist-open-data.s3.amazonaws.com/photos/229495838/medium.jpg,,"","",3,0,false,3,"Del Playa Dr, Goleta, CA, US",34.4087366667,-119.8543783333,12,,,,12,,open,false,,,Cottontail Rabbits,Sylvilagus,Cottontail Rabbits,Mammalia,43096
135159028,92e0e52a-0b79-487e-b34b-b28dc805bb54,2022-09-12 18:26:40-07:00,2022-09-12,2022-09-13 01:26:40 UTC,Pacific Time (US & Canada),6118043,hunter3ross,,2022-09-15 19:34:48 UTC,2024-10-12 17:06:49 UTC,research,CC-BY-NC,https://www.inaturalist.org/observations/135159028,https://inaturalist-open-data.s3.amazonaws.com/photos/230486092/medium.jpg,,"","",1,0,false,3,"Alicade, Newport Beach, CA, US",33.6416583333,-117.863075,4,,,,4,,,false,,,Arizona Mantis,Stagmomantis limbata,Arizona Mantis,Insecta,121308
135195572,d571aa52-9e5c-4ff6-9bc5-fba80d4c7f5c,2022-09-15 17:47:11-07:00,2022-09-15,2022-09-16 00:47:11 UTC,Pacific Time (US & Canada),6118043,hunter3ross,,2022-09-16 00:50:01 UTC,2022-09-16 15:39:04 UTC,needs_id,CC-BY-NC,https://www.inaturalist.org/observations/135195572,https://inaturalist-open-data.s3.amazonaws.com/photos/230552681/medium.jpg,,"","honestly i have no idea what kind of spider this is but it’s kinda banded, but it looks like it’s longer then the garden spider.",2,0,false,3,"Santa Monica Mountains National Recreation Area, Calabasas, CA, US",34.1293195,-118.6632783333,4,,,,4,,,false,,,Araneoid Spiders,Araneoidea,Orbweavers and Allies,Arachnida,319384
135201033,14a6f5c1-87ae-4f6b-80aa-b60396fa2fea,2022-09-15 18:52:36-07:00,2022-09-15,2022-09-16 01:52:36 UTC,Pacific Time (US & Canada),6118043,hunter3ross,,2022-09-16 01:53:54 UTC,2022-09-16 02:37:40 UTC,research,CC-BY-NC,https://www.inaturalist.org/observations/135201033,https://inaturalist-open-data.s3.amazonaws.com/photos/230563600/medium.jpg,,"","",1,0,false,3,"Santa Monica Mountains National Recreation Area, Calabasas, CA, US",34.1292805,-118.6631783333,16,,,,16,,,false,,,Western Honey Bee,Apis mellifera,Western Honey Bee,Insecta,47219
135419096,c8fe7ea9-5d75-4b2a-9053-871c09089be2,2022-09-17 12:33:44-07:00,2022-09-17,2022-09-17 19:33:44 UTC,Pacific Time (US & Canada),6118043,hunter3ross,,2022-09-17 19:36:39 UTC,2022-09-19 00:41:59 UTC,needs_id,CC-BY-NC,https://www.inaturalist.org/observations/135419096,https://inaturalist-open-data.s3.amazonaws.com/photos/231310693/medium.jpg,,"","",0,0,false,3,"Collins St, Los Angeles, CA, US",34.174305,-118.4464866667,4,,,,4,,,false,,,"",Hellula rogatalis,Cabbage Webworm Moth,Insecta,210616
135845337,768b2315-b869-471a-9833-b3f8f1a9c7c4,2022-09-20 15:30:08-07:00,2022-09-20,2022-09-20 22:30:08 UTC,Pacific Time (US & Canada),6118043,hunter3ross,,2022-09-20 22:36:36 UTC,2025-01-12 00:55:57 UTC,needs_id,CC-BY-NC,https://www.inaturalist.org/observations/135845337,https://inaturalist-open-data.s3.amazonaws.com/photos/231759661/medium.jpg,,"","",2,0,false,3,"W Hillcrest Dr, Thousand Oaks, CA, US",34.187749,-118.889065,6037,,,,6037,,,false,,,Crab Spiders,Coriarachnini,,Arachnida,1472448
136227633,ca99bb91-dd11-4432-869f-06345e36749f,2022-09-21 13:48:51-07:00,2022-09-21,2022-09-21 20:48:51 UTC,Pacific Time (US & Canada),6118043,hunter3ross,,2022-09-24 01:41:32 UTC,2022-09-24 04:15:20 UTC,needs_id,CC-BY-NC,https://www.inaturalist.org/observations/136227633,https://inaturalist-open-data.s3.amazonaws.com/photos/232489376/medium.jpg,,"","",0,0,false,3,"Masterson Dr, Thousand Oaks, CA, US",34.1842216667,-118.8649,22,,,,22,,,false,,,"",Steatoda,False Widow Spiders,Arachnida,61998
136348307,74bb69f4-f8cc-4dc8-abc9-8001c444b563,2022-09-24 15:11:47-07:00,2022-09-24,2022-09-24 22:11:47 UTC,Pacific Time (US & Canada),6118043,hunter3ross,,2022-09-24 22:31:47 UTC,2022-10-13 17:27:28 UTC,casual,CC-BY-NC,https://www.inaturalist.org/observations/136348307,https://inaturalist-open-data.s3.amazonaws.com/photos/232686264/medium.jpg,,"","",1,0,false,3,"Newport Blvd, Newport Beach, CA, US",33.616525,-117.9296283333,19,,,,19,,,false,,,"Ants, Bees, Wasps, and Sawflies",Hymenoptera,"Ants, Bees, Wasps, and Sawflies",Insecta,47201
136348379,b67da87d-8f80-4f47-92fa-b2c0052f3b0c,2022-09-24 12:43:44-07:00,2022-09-24,2022-09-24 19:43:44 UTC,Pacific Time (US & Canada),6118043,hunter3ross,,2022-09-24 22:32:34 UTC,2024-06-14 06:04:10 UTC,research,CC-BY-NC,https://www.inaturalist.org/observations/136348379,https://inaturalist-open-data.s3.amazonaws.com/photos/232686444/medium.jpg,,"","",1,0,false,3,"Entrance Channel, Newport Beach, CA, US",33.619445,-117.9284283333,11,,,,11,,,false,,,Pacific Oyster,Magallana gigas,Pacific Oyster,Mollusca,605992
136348504,e4ed9dcd-a3c3-4d66-8696-279b212b6067,2022-09-24 12:43:39-07:00,2022-09-24,2022-09-24 19:43:39 UTC,Pacific Time (US & Canada),6118043,hunter3ross,,2022-09-24 22:33:45 UTC,2022-09-25 00:35:56 UTC,research,CC-BY-NC,https://www.inaturalist.org/observations/136348504,https://inaturalist-open-data.s3.amazonaws.com/photos/232686785/medium.jpg,,"","",1,0,false,3,"Entrance Channel, Newport Beach, CA, US",33.6194883333,-117.9284216667,19,,,,19,,,false,,,Striped Shore Crab,Pachygrapsus crassipes,Striped Shore Crab,Animalia,47188
136348674,fee6b402-d9a1-4d12-976d-26f74ff0e432,2022-09-24 15:05:49-07:00,2022-09-24,2022-09-24 22:05:49 UTC,Pacific Time (US & Canada),6118043,hunter3ross,,2022-09-24 22:35:17 UTC,2022-09-24 22:35:24 UTC,needs_id,CC-BY-NC,https://www.inaturalist.org/observations/136348674,https://inaturalist-open-data.s3.amazonaws.com/photos/232687085/medium.jpg,,"","",0,0,false,3,"Newport Blvd, Newport Beach, CA, US",33.61652,-117.9295966667,35,,,,35,,,false,,,"",Gymnopilus ventricosus,Western Jumbo Gym,Fungi,348809
136856661,f4b247a9-ef15-4a03-8ed1-0fbb785352e6,2022-09-26 20:43:03-07:00,2022-09-26,2022-09-27 03:43:03 UTC,Arizona,6118043,hunter3ross,,2022-09-28 22:30:17 UTC,2022-09-28 22:30:22 UTC,casual,CC-BY-NC,https://www.inaturalist.org/observations/136856661,https://inaturalist-open-data.s3.amazonaws.com/photos/233635522/medium.jpg,,"","",0,0,false,3,"",,,,,,,,,,false,,,"",Neoscona,Spotted Orbweavers,Arachnida,85035
136856799,3609ce10-f2bf-4123-8408-88c58a83e79b,,,,UTC,6118043,hunter3ross,,2022-09-28 22:31:43 UTC,2022-09-28 22:31:47 UTC,casual,CC-BY-NC,https://www.inaturalist.org/observations/136856799,https://inaturalist-open-data.s3.amazonaws.com/photos/233635757/medium.jpg,,"","",0,0,false,3,"",,,,,,,,,,false,,,"",Theraphosidae,Tarantulas,Arachnida,47424
136946966,55327ede-be82-4f3c-98af-c2c268f4a43f,2022-09-29 12:06:00-07:00,2022-09-29,2022-09-29 19:06:00 UTC,Pacific Time (US & Canada),6118043,hunter3ross,,2022-09-29 19:15:19 UTC,2022-09-29 19:43:13 UTC,research,CC-BY-NC,https://www.inaturalist.org/observations/136946966,https://inaturalist-open-data.s3.amazonaws.com/photos/233803308/medium.jpg,,"","",1,0,false,3,"Queens Garden Ct, Thousand Oaks, CA, US",34.1297305,-118.877555,27,,,,27,,open,false,,,California Striped Racer,Masticophis lateralis lateralis,California Striped Racer,Reptilia,734682
138655110,9f445dab-d81a-4fc8-8afe-992fb3953ab8,2022-10-12 13:00:00-07:00,2022-10-12,2022-10-12 20:00:00 UTC,Pacific Time (US & Canada),6118043,hunter3ross,,2022-10-13 21:39:36 UTC,2024-11-10 02:26:16 UTC,research,CC-BY-NC,https://www.inaturalist.org/observations/138655110,https://inaturalist-open-data.s3.amazonaws.com/photos/237030439/medium.jpg,,"","I saw this Giant Swallowtail lay eggs on this lemon tree, and i was able to find three of the eggs!",1,0,false,3,"Flintridge Ct, Thousand Oaks, CA, US",34.20988,-118.8375633333,12,,,,12,,open,false,,,Western Giant Swallowtail,Heraclides rumiko,Western Giant Swallowtail,Insecta,428606
138783199,90afad40-714b-4232-920e-f18a2c9c9c76,2022-10-14 17:53:53-07:00,2022-10-14,2022-10-15 00:53:53 UTC,Pacific Time (US & Canada),6118043,hunter3ross,,2022-10-15 00:54:27 UTC,2022-12-07 11:43:21 UTC,needs_id,CC-BY-NC,https://www.inaturalist.org/observations/138783199,https://inaturalist-open-data.s3.amazonaws.com/photos/237260504/medium.jpg,,"","",2,0,false,3,"Flintridge Ct, Thousand Oaks, CA, US",34.2098166667,-118.8376216667,6,,,,6,,,false,,,Arthropods,Arthropoda,Arthropods,Animalia,47120
142081183,ad8e7b87-fcc1-4679-b361-639334891136,2022-11-11 14:31:53-08:00,2022-11-11,2022-11-11 22:31:53 UTC,Pacific Time (US & Canada),6118043,hunter3ross,,2022-11-15 17:46:17 UTC,2022-11-15 17:46:30 UTC,needs_id,CC-BY-NC,https://www.inaturalist.org/observations/142081183,https://inaturalist-open-data.s3.amazonaws.com/photos/243533432/medium.jpg,,"","",0,0,false,3,"Hampshire Rd, Thousand Oaks, CA, US",34.1583528333,-118.8347633333,24,,,,24,,,false,,,"",Pluteus petasatus,scaly shield,Fungi,347897
142262574,1a3665b5-df7c-46d9-8050-3eef5ca43067,2022-11-16 11:01:03-08:00,2022-11-16,2022-11-16 19:01:03 UTC,Pacific Time (US & Canada),6118043,hunter3ross,,2022-11-18 02:29:52 UTC,2022-11-18 07:33:37 UTC,research,CC-BY-NC,https://www.inaturalist.org/observations/142262574,https://inaturalist-open-data.s3.amazonaws.com/photos/243886892/medium.jpg,,"","",1,0,false,3,"Coleman Dr, Morro Bay, CA, US",35.3696283333,-120.8644166667,12,,,,12,,open,false,,,Great Blue Heron,Ardea herodias,Great Blue Heron,Aves,4956
143231491,1de0c156-c2df-4f13-b874-31176298edbe,2022-11-28 17:48:37-08:00,2022-11-28,2022-11-29 01:48:37 UTC,Pacific Time (US & Canada),6118043,hunter3ross,,2022-11-29 01:51:52 UTC,2022-11-30 04:53:30 UTC,needs_id,CC-BY-NC,https://www.inaturalist.org/observations/143231491,https://inaturalist-open-data.s3.amazonaws.com/photos/245794048/medium.jpg,,"","",0,0,false,3,"Masterson Dr, Thousand Oaks, CA, US",34.18433,-118.86487,13,,,,13,,,false,,,"",Lycosoidea,Wolf Spiders and Allies,Arachnida,367161
143820796,01ca4136-fc7f-4e1d-bc65-a8794fc73703,2022-12-05 15:25:27-08:00,2022-12-05,2022-12-05 23:25:27 UTC,Pacific Time (US & Canada),6118043,hunter3ross,,2022-12-06 21:55:18 UTC,2022-12-08 17:12:26 UTC,research,CC-BY-NC,https://www.inaturalist.org/observations/143820796,https://inaturalist-open-data.s3.amazonaws.com/photos/246722556/medium.jpg,,"","",2,0,false,3,"Moorpark College Bookstore, Moorpark, CA, US",34.30143,-118.8357916667,10,,,,10,,open,false,,,Fungo dell'inchiostro,Coprinus comatus,Shaggy Mane,Fungi,47392
144044757,b1b917af-8a2a-488d-817c-0d56a7ccc322,2022-12-06 00:20:38-08:00,2022-12-06,2022-12-06 08:20:38 UTC,Pacific Time (US & Canada),6118043,hunter3ross,,2022-12-10 02:20:24 UTC,2024-04-29 07:56:09 UTC,research,CC-BY-NC,https://www.inaturalist.org/observations/144044757,https://inaturalist-open-data.s3.amazonaws.com/photos/247147245/medium.jpg,,"","",4,0,false,3,"University Shopping Center, Thousand Oaks, CA, US",34.218987,-118.8691706,34,,,,34,,open,false,,,Great Horned Owl,Bubo virginianus,Great Horned Owl,Aves,20044
144161645,b90bcb2e-06ee-493d-9c45-f002ef37cc16,2022-12-10 19:37:47-08:00,2022-12-10,2022-12-11 03:37:47 UTC,Pacific Time (US & Canada),6118043,hunter3ross,,2022-12-11 17:05:15 UTC,2023-08-19 03:43:26 UTC,needs_id,CC-BY-NC,https://www.inaturalist.org/observations/144161645,https://inaturalist-open-data.s3.amazonaws.com/photos/247373502/medium.jpg,,"","",2,0,false,3,"S Westlake Blvd, Thousand Oaks, CA, US",34.1605611667,-118.8241366667,35,,,,35,,,false,,,"True Bugs, Hoppers, Aphids, and allies",Hemiptera,"True Bugs, Hoppers, Aphids, and allies",Insecta,47744
144490562,90c24c6f-61cc-49c4-a7a9-f9c1c15a8f25,2022-08-09 19:50:14-07:00,2022-08-09,2022-08-10 02:50:14 UTC,Pacific Time (US & Canada),6118043,hunter3ross,,2022-12-16 19:45:23 UTC,2022-12-18 07:22:41 UTC,research,CC-BY-NC,https://www.inaturalist.org/observations/144490562,https://inaturalist-open-data.s3.amazonaws.com/photos/248000320/medium.jpg,,"","",2,0,false,3,"Del Playa Dr, Goleta, CA, US",34.40893,-119.8543783333,12,,,,12,,,false,,,Torpedo Bug,Siphanta acuta,Torpedo Bug,Insecta,116658
144490592,1000c4c4-7a90-427a-8f8e-56162554677b,2022-12-15 13:59:55-08:00,2022-12-15,2022-12-15 21:59:55 UTC,Pacific Time (US & Canada),6118043,hunter3ross,,2022-12-16 19:46:20 UTC,2022-12-17 07:13:47 UTC,research,CC-BY-NC,https://www.inaturalist.org/observations/144490592,https://inaturalist-open-data.s3.amazonaws.com/photos/248000465/medium.jpg,,"","",1,0,false,3,"Triunfo Canyon Rd, Thousand Oaks, CA, US",34.1490833333,-118.8386783333,5,,,,5,,,false,,,Buttonhook Leaf-beetle Jumping Spider,Sassacus vitis,Buttonhook Leafbeetle Jumping Spider,Arachnida,230433
145012807,5b81e6b2-e0cc-4952-97ee-fcaf1b4a230a,2022-12-24 15:11:12-08:00,2022-12-24,2022-12-24 23:11:12 UTC,Pacific Time (US & Canada),6118043,hunter3ross,,2022-12-24 23:14:08 UTC,2022-12-25 15:49:59 UTC,research,CC-BY-NC,https://www.inaturalist.org/observations/145012807,https://inaturalist-open-data.s3.amazonaws.com/photos/249018877/medium.jpg,,"","",1,0,false,3,"Masterson Dr, Thousand Oaks, CA, US",34.1844333333,-118.86493,4,,,,4,,,false,,,Noble False Widow,Steatoda nobilis,Noble False Widow,Arachnida,366894
145015880,c612b4bd-add7-4b4f-bb24-c245692d33b7,2022-12-21 08:49:43-08:00,2022-12-21,2022-12-21 16:49:43 UTC,Pacific Time (US & Canada),6118043,hunter3ross,,2022-12-25 00:20:37 UTC,2022-12-30 12:53:17 UTC,research,CC-BY-NC,https://www.inaturalist.org/observations/145015880,https://inaturalist-open-data.s3.amazonaws.com/photos/249024649/medium.jpg,,"","",2,0,false,3,"Higuera St, San Luis Obispo, CA, US",35.272157,-120.6705875,3166,,,,3166,,,false,,,Noble False Widow,Steatoda nobilis,Noble False Widow,Arachnida,366894
145446585,b30e8bc3-7baf-4a8f-82c3-e2ad267d1ae9,2022-12-29 16:22:04-08:00,2022-12-29,2022-12-30 00:22:04 UTC,Pacific Time (US & Canada),6118043,hunter3ross,,2022-12-30 19:50:29 UTC,2022-12-30 20:27:59 UTC,research,CC-BY-NC,https://www.inaturalist.org/observations/145446585,https://inaturalist-open-data.s3.amazonaws.com/photos/249827839/medium.jpg,,"","",1,0,false,3,"Alicante, Newport Beach, CA, US",33.641425,-117.8634416667,22,,,,22,,open,false,,,Coyote,Canis latrans,Coyote,Mammalia,42051
145861318,5bb5ba14-cb2d-4210-b26d-07e3e786236c,2023-01-04 15:47:41-08:00,2023-01-04,2023-01-04 23:47:41 UTC,Pacific Time (US & Canada),6118043,hunter3ross,,2023-01-04 23:54:06 UTC,2023-01-06 18:19:29 UTC,needs_id,CC-BY-NC,https://www.inaturalist.org/observations/145861318,https://inaturalist-open-data.s3.amazonaws.com/photos/250636284/medium.jpg,,"","",0,0,false,3,"Janss Marketplace, Thousand Oaks, CA, US",34.1825416667,-118.8768383333,3,,,,3,,,false,,,"",Psathyrellaceae,Brittlestems and Allies,Fungi,56310
147206515,a61f176a-efb0-42c1-923d-1aa7fae3397b,2023-01-19 16:48:51-08:00,2023-01-19,2023-01-20 00:48:51 UTC,Pacific Time (US & Canada),6118043,hunter3ross,,2023-01-23 18:05:19 UTC,2023-01-23 18:28:38 UTC,research,CC-BY-NC,https://www.inaturalist.org/observations/147206515,https://inaturalist-open-data.s3.amazonaws.com/photos/253259814/medium.jpg,,"","",2,0,false,3,"North Pacific Ocean, CA, US",35.45802,-120.9661866667,1613,,,,1613,,,false,,,Pacific Purple Sea Urchin,Strongylocentrotus purpuratus,Pacific Purple Sea Urchin,Animalia,48035
152772218,16cc35b4-7c63-4be3-9cc1-25977eb32e1a,2023-03-22 14:48:04-07:00,2023-03-22,2023-03-22 21:48:04 UTC,Pacific Time (US & Canada),6118043,hunter3ross,,2023-03-29 22:00:17 UTC,2023-03-29 22:00:25 UTC,needs_id,CC-BY-NC,https://www.inaturalist.org/observations/152772218,https://inaturalist-open-data.s3.amazonaws.com/photos/263769149/medium.jpg,,"","",0,0,false,3,"N Moorpark Rd, Thousand Oaks, CA, US",34.2005166667,-118.8670366667,8,,,,8,,,false,,,"",Noctuidae,Cutworm Moths and Allies,Insecta,48670
152772582,707050a4-e174-4970-94b7-ea3abeb10c5a,2023-02-14 14:51:51-08:00,2023-02-14,2023-02-14 22:51:51 UTC,Pacific Time (US & Canada),6118043,hunter3ross,,2023-03-29 22:02:47 UTC,2023-07-18 08:10:43 UTC,needs_id,CC-BY-NC,https://www.inaturalist.org/observations/152772582,https://inaturalist-open-data.s3.amazonaws.com/photos/263769516/medium.jpg,,"","",2,0,false,3,"Moorpark College Bookstore, Moorpark, CA, US",34.299375,-118.8350216667,10,,,,10,,,false,,,Black-spotted Lady Beetles,Coccinellini,Black-spotted Lady Beetles,Insecta,333796
153512876,92306184-0679-4c19-802e-7cd0c6aad998,2023-04-04 17:44:13-07:00,2023-04-04,2023-04-05 00:44:13 UTC,Pacific Time (US & Canada),6118043,hunter3ross,,2023-04-05 00:44:55 UTC,2023-11-01 09:12:54 UTC,research,CC-BY-NC,https://www.inaturalist.org/observations/153512876,https://inaturalist-open-data.s3.amazonaws.com/photos/265149141/medium.jpg,,"","",1,0,false,3,"Hillside Natural Area, El Cerrito, CA, US",37.9213966667,-122.3004533333,35,,,,35,,,false,,,Dichelotarsus cavicollis,Dichelotarsus cavicollis,,Insecta,455295
153514047,936e21ac-2ff8-4b18-b187-5a4be7c1e2ad,2023-04-04 17:56:09-07:00,2023-04-04,2023-04-05 00:56:09 UTC,Pacific Time (US & Canada),6118043,hunter3ross,,2023-04-05 00:56:59 UTC,2023-07-28 20:37:31 UTC,research,CC-BY-NC,https://www.inaturalist.org/observations/153514047,https://inaturalist-open-data.s3.amazonaws.com/photos/265159930/medium.jpg,,"","",1,0,false,3,"Navellier St, El Cerrito, CA, US",37.9189533333,-122.301095,6,,,,6,,,false,,,Palestine arum,Arum palaestinum,Palestine arum,Plantae,75599
153692670,414c2678-95c4-42fd-bf6a-44cb54d9e693,2023-04-05 14:18:58-07:00,2023-04-05,2023-04-05 21:18:58 UTC,Pacific Time (US & Canada),6118043,hunter3ross,,2023-04-06 15:11:29 UTC,2023-12-25 13:11:29 UTC,research,CC-BY-NC,https://www.inaturalist.org/observations/153692670,https://inaturalist-open-data.s3.amazonaws.com/photos/265482651/medium.jpg,,"","",2,0,false,3,"UC Santa Cruz, Santa Cruz, CA, US",36.9960216667,-122.058075,201,,,,201,,,false,,,Pacific hound's tongue,Adelinia grandis,Pacific hound's tongue,Plantae,1520640
153902139,158b7485-c284-43b0-b527-ae410e188296,2023-04-07 15:16:14-07:00,2023-04-07,2023-04-07 22:16:14 UTC,Pacific Time (US & Canada),6118043,hunter3ross,,2023-04-08 06:32:04 UTC,2023-04-08 07:39:17 UTC,research,CC-BY-NC,https://www.inaturalist.org/observations/153902139,https://inaturalist-open-data.s3.amazonaws.com/photos/265873232/medium.jpg,,"","",1,0,false,3,"Windsor Dr, Thousand Oaks, CA, US",34.19133,-118.8683083333,7,,,,7,,,false,,,Gray Bird Grasshopper,Schistocerca nitens,Gray Bird Grasshopper,Insecta,52158
154898018,a13f0c18-b6a4-47f8-8ceb-c321e530e6ff,2023-04-13 16:07:37-07:00,2023-04-13,2023-04-13 23:07:37 UTC,Pacific Time (US & Canada),6118043,hunter3ross,,2023-04-15 00:25:04 UTC,2023-04-15 06:25:22 UTC,research,CC-BY-NC,https://www.inaturalist.org/observations/154898018,https://inaturalist-open-data.s3.amazonaws.com/photos/267691031/medium.jpg,,"","",1,0,false,3,"Moorpark College Bookstore, Moorpark, CA, US",34.2996166667,-118.835105,10,,,,10,,open,false,,,Northern Mockingbird,Mimus polyglottos,Northern Mockingbird,Aves,14886
164274765,aaa29604-84c5-4c82-8785-06c2c1a39bba,2023-05-27 14:55:10+02:00,2023-05-27,2023-05-27 12:55:10 UTC,Rome,6118043,hunter3ross,,2023-05-28 19:46:16 UTC,2023-07-10 20:32:53 UTC,research,CC-BY-NC,https://www.inaturalist.org/observations/164274765,https://inaturalist-open-data.s3.amazonaws.com/photos/284211926/medium.jpg,,"","",2,0,false,3,"Mura Aureliane, Rome, Lazio, IT",41.8733,12.5014333333,4,,,,4,,,false,,,Papavero,Papaver rhoeas,common poppy,Plantae,54404
164274983,c8ed816d-18ca-4c22-8824-169d22d262c1,2023-05-25 20:44:37+02:00,2023-05-25,2023-05-25 18:44:37 UTC,Rome,6118043,hunter3ross,,2023-05-28 19:47:04 UTC,2023-05-29 07:36:58 UTC,research,CC-BY-NC,https://www.inaturalist.org/observations/164274983,https://inaturalist-open-data.s3.amazonaws.com/photos/284212216/medium.jpg,,"","",1,0,false,3,"Arno River, Florence, Tuscany, IT",43.77013,11.24837,59,,,,59,,open,false,,,Protoparmeliopsis muralis,Protoparmeliopsis muralis,Stonewall Rim Lichen,Fungi,632126
164275075,9436482e-caa0-437f-a2eb-c11efba18963,2023-05-27 14:54:34+02:00,2023-05-27,2023-05-27 12:54:34 UTC,Rome,6118043,hunter3ross,,2023-05-28 19:47:25 UTC,2023-05-30 22:02:48 UTC,needs_id,CC-BY-NC,https://www.inaturalist.org/observations/164275075,https://inaturalist-open-data.s3.amazonaws.com/photos/284212352/medium.jpg,,"","",1,0,false,3,"Mura Aureliane, Rome, Lazio, IT",41.8733633333,12.501355,8,,,,8,,,false,,,Malva selvatica,Malva sylvestris,Common Mallow,Plantae,56162
165366686,4a4493b8-df88-41e7-83a4-f2179e8017c2,2023-05-31 15:54:11+02:00,2023-05-31,2023-05-31 13:54:11 UTC,Rome,6118043,hunter3ross,,2023-06-03 19:37:57 UTC,2023-07-24 18:50:58 UTC,research,CC-BY-NC,https://www.inaturalist.org/observations/165366686,https://inaturalist-open-data.s3.amazonaws.com/photos/286244977/medium.jpg,,"","",1,0,false,3,"Via Orazio Comes, Monopoli, Apulia, IT",40.952745,17.3044616667,2000,,,,2000,,,false,,,Pachyiulus flavipes,Pachyiulus flavipes,Yellow-legged Pachyiulus,Animalia,874749
166917397,11f7d38c-3648-4503-afdb-6acd658f28e3,2023-06-11 16:32:16-07:00,2023-06-11,2023-06-11 23:32:16 UTC,Pacific Time (US & Canada),6118043,hunter3ross,,2023-06-11 23:34:15 UTC,2023-06-12 01:01:36 UTC,needs_id,CC-BY-NC,https://www.inaturalist.org/observations/166917397,https://inaturalist-open-data.s3.amazonaws.com/photos/289114708/medium.jpg,,"","",0,0,false,3,"Diamond Crest Center, Santa Barbara, CA, US",34.426045,-119.7902916667,3,,,,3,,,false,,,"",Polyphylla,Lined June Beetles,Insecta,84572
167265877,d7cdbf00-ffc4-4406-ae8e-a8acf077f6f9,2023-06-13 14:41:56-07:00,2023-06-13,2023-06-13 21:41:56 UTC,Pacific Time (US & Canada),6118043,hunter3ross,,2023-06-13 21:43:21 UTC,2023-06-13 21:43:41 UTC,needs_id,CC-BY-NC,https://www.inaturalist.org/observations/167265877,https://inaturalist-open-data.s3.amazonaws.com/photos/289737836/medium.jpg,,"","",0,0,false,3,"Agoura Rd, Westlake Village, CA, US",34.1487666667,-118.8185716667,4,,,,4,,,false,,,"",Irbisia,,Insecta,68628
168216586,8692af74-fc99-4c3d-be90-408bcaf22dad,2023-06-18 17:38:44-07:00,2023-06-18,2023-06-19 00:38:44 UTC,Pacific Time (US & Canada),6118043,hunter3ross,,2023-06-19 01:13:43 UTC,2023-09-27 22:49:02 UTC,needs_id,CC-BY-NC,https://www.inaturalist.org/observations/168216586,https://inaturalist-open-data.s3.amazonaws.com/photos/291499271/medium.jpg,,"","",3,0,false,3,"More Mesa Open Space, Santa Barbara, CA, US",34.42218,-119.787995,4,,,,4,,,false,,,Dasymutilla,Dasymutilla,,Insecta,48513
168216714,3b6f4a63-88c3-4f0e-bf1c-a3522552f8ce,2023-06-18 18:10:05-07:00,2023-06-18,2023-06-19 01:10:05 UTC,Pacific Time (US & Canada),6118043,hunter3ross,,2023-06-19 01:14:49 UTC,2024-07-31 16:13:14 UTC,research,CC-BY-NC,https://www.inaturalist.org/observations/168216714,https://inaturalist-open-data.s3.amazonaws.com/photos/291499958/medium.jpg,,"","",3,1,false,3,"More Mesa Open Space, Santa Barbara, CA, US",34.424145,-119.787995,4,,,,4,,open,false,,,San Diego Gopher Snake,Pituophis catenifer annectens,San Diego Gopher Snake,Reptilia,29053
168250898,01d30393-6f9e-4887-94fd-f10f700dc970,2023-06-18 14:58:17-07:00,2023-06-18,2023-06-18 21:58:17 UTC,Pacific Time (US & Canada),6118043,hunter3ross,,2023-06-19 06:24:11 UTC,2024-04-16 01:57:32 UTC,research,CC-BY-NC,https://www.inaturalist.org/observations/168250898,https://inaturalist-open-data.s3.amazonaws.com/photos/291567237/medium.jpg,,"","",2,0,false,3,"N Kellogg Ave, Goleta, CA, US",34.443225,-119.81938,7,,,,7,,,false,,,White-lined Sphinx,Hyles lineata,White-lined Sphinx,Insecta,49348
170905599,d787a083-6217-4362-b663-eb8c57b6be3a,2023-07-01 16:01:55-07:00,2023-07-01,2023-07-01 23:01:55 UTC,Pacific Time (US & Canada),6118043,hunter3ross,,2023-07-03 20:39:03 UTC,2023-07-03 21:45:02 UTC,research,CC-BY-NC,https://www.inaturalist.org/observations/170905599,https://inaturalist-open-data.s3.amazonaws.com/photos/296496464/medium.jpg,,"","",1,0,false,3,"Santa Monica Mountains National Recreation Area, Calabasas, CA, US",34.1293445,-118.6632916667,4,,,,4,,,false,,,Woodlouse Spider,Dysdera crocata,Woodlouse Spider,Arachnida,68912
173531826,cb859d24-1055-4e0e-84f6-c16512daeb17,2023-07-02 11:52:59-07:00,2023-07-02,2023-07-02 18:52:59 UTC,Pacific Time (US & Canada),6118043,hunter3ross,,2023-07-18 02:50:55 UTC,2023-07-21 00:24:28 UTC,research,CC-BY-NC,https://www.inaturalist.org/observations/173531826,https://inaturalist-open-data.s3.amazonaws.com/photos/301369656/medium.jpg,,"","",3,0,false,3,"Paso Robles, CA, US",35.6975966667,-120.950225,4,,,,4,,,false,,,Bald Eagle,Haliaeetus leucocephalus,Bald Eagle,Aves,5305
174025480,dfd1bb79-35a2-4bf6-9a98-e1e3cc8559cd,2023-07-20 17:22:09-07:00,2023-07-20,2023-07-21 00:22:09 UTC,Pacific Time (US & Canada),6118043,hunter3ross,,2023-07-21 00:24:07 UTC,2024-01-31 18:27:50 UTC,needs_id,CC-BY-NC,https://www.inaturalist.org/observations/174025480,https://inaturalist-open-data.s3.amazonaws.com/photos/302282582/medium.jpg,,"","",1,0,false,3,"Santa Monica Mountains National Recreation Area, Calabasas, CA, US",34.1293361667,-118.6633,4,,,,4,,,false,,,Xenox habrosus,Xenox habrosus,,Insecta,259572
176310373,9ae0f082-08f6-48e5-b54e-564e9cb9a066,2023-07-29 08:08:14-07:00,2023-07-29,2023-07-29 15:08:14 UTC,Pacific Time (US & Canada),6118043,hunter3ross,,2023-08-02 18:21:04 UTC,2023-08-02 19:49:24 UTC,needs_id,CC-BY-NC,https://www.inaturalist.org/observations/176310373,https://inaturalist-open-data.s3.amazonaws.com/photos/306508540/medium.jpg,,"","",0,0,false,3,"Sapwi Trails Community Park, Thousand Oaks, CA, US",34.2078883333,-118.83773,10,,,,10,,,false,,,"",Calystegia,false bindweeds,Plantae,56031
177087088,d63299e3-2fa8-48a7-8bcb-2bfa99f8932f,2023-08-05 21:51:29-07:00,2023-08-05,2023-08-06 04:51:29 UTC,Pacific Time (US & Canada),6118043,hunter3ross,,2023-08-07 00:46:51 UTC,2025-02-14 17:52:15 UTC,research,CC-BY-NC,https://www.inaturalist.org/observations/177087088,https://inaturalist-open-data.s3.amazonaws.com/photos/307949469/medium.jpg,,"","",1,0,false,3,"Santa Monica Mountains National Recreation Area, Calabasas, CA, US",34.123725,-118.6616883333,4,,,,4,,,false,,,Paranoplium gracile,Paranoplium gracile,,Insecta,362843
177087184,3bc4ac87-715c-4ada-b071-676049df72b4,2023-08-05 21:48:47-07:00,2023-08-05,2023-08-06 04:48:47 UTC,Pacific Time (US & Canada),6118043,hunter3ross,,2023-08-07 00:47:13 UTC,2023-08-07 00:47:27 UTC,needs_id,CC-BY-NC,https://www.inaturalist.org/observations/177087184,https://inaturalist-open-data.s3.amazonaws.com/photos/307949611/medium.jpg,,"","",0,0,false,3,"Santa Monica Mountains National Recreation Area, Calabasas, CA, US",34.1236333333,-118.661745,4,,,,4,,,false,,,"",Aphonopelma,,Arachnida,47423
177870355,94e389c8-b05c-45fb-a42f-7782a7ef40bc,2023-08-11 09:28:14-07:00,2023-08-11,2023-08-11 16:28:14 UTC,Pacific Time (US & Canada),6118043,hunter3ross,,2023-08-11 19:05:54 UTC,2023-09-17 17:37:34 UTC,research,CC-BY-NC,https://www.inaturalist.org/observations/177870355,https://inaturalist-open-data.s3.amazonaws.com/photos/309416548/medium.jpg,,"","",2,0,false,3,"Masterson Dr, Thousand Oaks, CA, US",34.1842633333,-118.8648833333,4,,,,4,,,false,,,Figeater Beetle,Cotinis mutabilis,Figeater Beetle,Insecta,57665
178627306,e6517c9b-ba66-4926-88aa-c15e7bbf4447,2023-08-15 08:30:18-07:00,2023-08-15,2023-08-15 15:30:18 UTC,Pacific Time (US & Canada),6118043,hunter3ross,,2023-08-16 02:14:20 UTC,2023-08-16 02:14:39 UTC,needs_id,CC-BY-NC,https://www.inaturalist.org/observations/178627306,https://inaturalist-open-data.s3.amazonaws.com/photos/310861336/medium.jpg,,"","",0,0,false,3,"Laurie Ln, Thousand Oaks, CA, US",34.1848208263,-118.8717476309,65,,,,65,,,false,,,"",Mantidae,Mantids,Insecta,48111
180015831,f3c00454-27ca-41c6-9fdb-e39ff65f2ec5,2023-08-23 22:16:36-07:00,2023-08-23,2023-08-24 05:16:36 UTC,Pacific Time (US & Canada),6118043,hunter3ross,,2023-08-24 19:28:23 UTC,2023-08-25 14:27:21 UTC,needs_id,CC-BY-NC,https://www.inaturalist.org/observations/180015831,https://inaturalist-open-data.s3.amazonaws.com/photos/313497666/medium.jpg,,"","",2,0,false,3,"Masterson Dr, Thousand Oaks, CA, US",34.1844166667,-118.8649,4,,,,4,,open,false,,,Limacinae,Limacinae,,Mollusca,933175
180015916,1f6787a8-1d5b-42e4-a2e4-1261406d332d,2023-08-24 12:27:29-07:00,2023-08-24,2023-08-24 19:27:29 UTC,Pacific Time (US & Canada),6118043,hunter3ross,,2023-08-24 19:29:10 UTC,2023-10-17 19:21:47 UTC,research,CC-BY-NC,https://www.inaturalist.org/observations/180015916,https://inaturalist-open-data.s3.amazonaws.com/photos/313497860/medium.jpg,,"","",1,0,false,3,"Windsor Dr, Thousand Oaks, CA, US",34.191395,-118.8683866667,3,,,,3,,,false,,,Woodlouse Spider,Dysdera crocata,Woodlouse Spider,Arachnida,68912
181844105,746c72ae-c145-45f3-b4bb-5faecbbf192d,2023-09-04 18:32:34-07:00,2023-09-04,2023-09-05 01:32:34 UTC,Pacific Time (US & Canada),6118043,hunter3ross,,2023-09-05 01:34:09 UTC,2023-09-06 01:50:30 UTC,needs_id,CC-BY-NC,https://www.inaturalist.org/observations/181844105,https://inaturalist-open-data.s3.amazonaws.com/photos/317237747/medium.jpg,,"","",0,0,false,3,"The Oaks, Thousand Oaks, CA, US",34.1841166667,-118.8892133333,4,,,,4,,,false,,,"",Neoscona crucifera,Spotted Orbweaver,Arachnida,85034
182117715,9d5ec33c-bcd8-4308-b0b8-80dfbf9e29dc,2023-09-06 16:26:23-07:00,2023-09-06,2023-09-06 23:26:23 UTC,Pacific Time (US & Canada),6118043,hunter3ross,,2023-09-06 23:27:33 UTC,2023-09-06 23:31:39 UTC,research,CC-BY-NC,https://www.inaturalist.org/observations/182117715,https://inaturalist-open-data.s3.amazonaws.com/photos/317474593/medium.jpg,,"","",1,0,false,3,"Masterson Dr, Thousand Oaks, CA, US",34.1844666667,-118.864945,4,,,,4,,,false,,,Brown Widow,Latrodectus geometricus,Brown Widow,Arachnida,47383
182213218,f1800be2-4b46-4fb9-8811-1f2ada4acb8e,2023-09-07 10:39:57-07:00,2023-09-07,2023-09-07 17:39:57 UTC,Pacific Time (US & Canada),6118043,hunter3ross,,2023-09-07 17:43:43 UTC,2023-09-07 17:44:14 UTC,needs_id,CC-BY-NC,https://www.inaturalist.org/observations/182213218,https://inaturalist-open-data.s3.amazonaws.com/photos/317655157/medium.jpg,,"","",0,0,false,3,"Pennsfield Pl, Thousand Oaks, CA, US",34.1852083333,-118.8740383333,4,,,,4,,,false,,,"",Neoscona,Spotted Orbweavers,Arachnida,85035
183910763,fef3de11-2ef0-48f4-9bd2-c3fc405ae98c,2023-09-16 18:12:12-07:00,2023-09-16,2023-09-17 01:12:12 UTC,Pacific Time (US & Canada),6118043,hunter3ross,,2023-09-18 22:37:51 UTC,2023-09-19 03:36:47 UTC,research,CC-BY-NC,https://www.inaturalist.org/observations/183910763,https://inaturalist-open-data.s3.amazonaws.com/photos/320932337/medium.jpg,,"","",3,1,false,3,"Santa Monica Mountains National Recreation Area, Calabasas, CA, US",34.1236445,-118.6616133333,35,,,,35,,open,false,,,Southern Alligator Lizard,Elgaria multicarinata,Southern Alligator Lizard,Reptilia,32055
185511488,65c968e4-7954-47f7-93a4-8428221480ea,2023-09-29 16:13:05-07:00,2023-09-29,2023-09-29 23:13:05 UTC,Pacific Time (US & Canada),6118043,hunter3ross,,2023-09-30 01:35:13 UTC,2023-09-30 22:18:39 UTC,needs_id,CC-BY-NC,https://www.inaturalist.org/observations/185511488,https://inaturalist-open-data.s3.amazonaws.com/photos/324151456/medium.jpg,,"","",0,0,false,3,"Manzanita Ct, Chico, CA, US",39.7520666667,-121.8444883333,4,,,,4,,,false,,,"",Neoscona,Spotted Orbweavers,Arachnida,85035
185645958,8050dd37-a495-4dac-8047-4b300d91a7f0,2023-09-30 15:15:48-07:00,2023-09-30,2023-09-30 22:15:48 UTC,Pacific Time (US & Canada),6118043,hunter3ross,,2023-09-30 22:18:41 UTC,2025-02-12 21:08:19 UTC,needs_id,CC-BY-NC,https://www.inaturalist.org/observations/185645958,https://inaturalist-open-data.s3.amazonaws.com/photos/324258130/medium.jpg,,"","",0,0,false,3,"Nord Hwy, Chico, CA, US",39.7723466667,-121.90767,385,,,,385,,,false,,,Arhopalus,Arhopalus productus,New House Borer,Insecta,305934
187034388,b63c9243-4bc3-47f4-bad8-28f572dbbe44,2023-10-10 13:01:12-07:00,2023-10-10,2023-10-10 20:01:12 UTC,Pacific Time (US & Canada),6118043,hunter3ross,,2023-10-10 20:03:25 UTC,2023-10-12 04:22:10 UTC,research,CC-BY-NC,https://www.inaturalist.org/observations/187034388,https://inaturalist-open-data.s3.amazonaws.com/photos/326995892/medium.jpg,,"","",1,0,false,3,"Sabado Tarde Rd, Goleta, CA, US",34.4102966667,-119.864045,4,,,,4,,,false,,,Grey House Spider,Badumna longinqua,Grey House Spider,Arachnida,47135
187990910,652fdbf2-4b3e-44dd-ba26-a8846447b14a,2023-10-17 23:07:52-07:00,2023-10-17,2023-10-18 06:07:52 UTC,Pacific Time (US & Canada),6118043,hunter3ross,,2023-10-18 06:08:54 UTC,2023-10-19 00:22:46 UTC,research,CC-BY-NC,https://www.inaturalist.org/observations/187990910,https://inaturalist-open-data.s3.amazonaws.com/photos/328890514/medium.jpg,,"","",2,0,false,3,"Sabado Tarde Rd, Goleta, CA, US",34.4102533333,-119.864075,3,,,,3,,open,false,,,Threeband Slugs,Ambigolimax,Threeband Slugs,Mollusca,448395
190176523,eba24ace-7df4-4ce0-9e1b-1d2f19149675,2023-11-05 12:04:32-08:00,2023-11-05,2023-11-05 20:04:32 UTC,Pacific Time (US & Canada),6118043,hunter3ross,,2023-11-06 05:02:39 UTC,2023-11-06 20:07:03 UTC,needs_id,CC-BY-NC,https://www.inaturalist.org/observations/190176523,https://inaturalist-open-data.s3.amazonaws.com/photos/333305164/medium.jpg,,"","",1,0,false,3,"Del Playa Dr, Goleta, CA, US",34.40943,-119.8702466667,4,,,,4,,,false,,,Lottia Limpets,Lottia,Lottia Limpets,Mollusca,48752
193416119,d0ad76b6-a107-45c0-a80e-9883797100c8,2023-12-08 12:38:52-08:00,2023-12-08,2023-12-08 20:38:52 UTC,Pacific Time (US & Canada),6118043,hunter3ross,,2023-12-08 20:39:16 UTC,2023-12-08 20:39:25 UTC,needs_id,CC-BY-NC,https://www.inaturalist.org/observations/193416119,https://inaturalist-open-data.s3.amazonaws.com/photos/339767225/medium.jpg,,"","",0,0,false,3,"Sabado Tarde Rd, Goleta, CA, US",34.410325,-119.8640533333,3,,,,3,,,false,,,"",Salticinae,Typical Jumping Spiders,Arachnida,606933
197348146,ad378228-fed8-4471-b0e9-93274b3f3fc5,2024-01-22 16:10:30-08:00,2024-01-22,2024-01-23 00:10:30 UTC,Pacific Time (US & Canada),6118043,hunter3ross,,2024-01-23 00:11:39 UTC,2024-01-28 17:48:08 UTC,research,CC-BY-NC,https://www.inaturalist.org/observations/197348146,https://inaturalist-open-data.s3.amazonaws.com/photos/347560194/medium.jpg,,"","",5,0,false,3,"Santa Barbara Channel, Santa Barbara, CA, US",34.3961216667,-119.7067033333,11,,,,11,,,false,,,Sweet Potato Sea Cucumber,Caudina arenicola,Sweet Potato Sea Cucumber,Animalia,339363
199539897,4f60321f-34d4-4889-85f0-fd46065e69a5,2024-02-16 22:40:15-08:00,2024-02-16,2024-02-17 06:40:15 UTC,Pacific Time (US & Canada),6118043,hunter3ross,,2024-02-17 08:26:56 UTC,2024-02-17 13:45:42 UTC,research,CC-BY-NC,https://www.inaturalist.org/observations/199539897,https://inaturalist-open-data.s3.amazonaws.com/photos/351909198/medium.jpg,,"","",1,0,false,3,"N Kellogg Ave, Goleta, CA, US",34.44322,-119.8195033333,10,,,,10,,,false,,,Brown Widow,Latrodectus geometricus,Brown Widow,Arachnida,47383
208814798,2a933436-e4f4-4ac4-83f5-07094d091418,2024-04-19 16:18:11-07:00,2024-04-19,2024-04-19 23:18:11 UTC,Pacific Time (US & Canada),6118043,hunter3ross,,2024-04-23 00:40:37 UTC,2024-07-24 00:54:29 UTC,needs_id,CC-BY-NC,https://www.inaturalist.org/observations/208814798,https://inaturalist-open-data.s3.amazonaws.com/photos/369488395/medium.jpg,,"","",0,0,false,3,"University of California, Goleta, CA, US",34.4066466667,-119.8476333333,3,,,,3,,,false,,,"",Fungi,Fungi Including Lichens,Fungi,47170
208814870,b1612e3e-d4ce-4ac2-8fed-9e3586925108,2024-04-19 17:13:25-07:00,2024-04-19,2024-04-20 00:13:25 UTC,Pacific Time (US & Canada),6118043,hunter3ross,,2024-04-23 00:41:22 UTC,2024-04-24 21:57:42 UTC,needs_id,CC-BY-NC,https://www.inaturalist.org/observations/208814870,https://inaturalist-open-data.s3.amazonaws.com/photos/369488570/medium.jpg,,"","",0,0,false,3,"University of California, Goleta, CA, US",34.406175,-119.8466416667,4,,,,4,,,false,,,"",Arachnis,,Insecta,68164
208814981,0a850417-6b3f-4bcc-9230-ed9ec4db65b0,2024-04-19 17:07:40-07:00,2024-04-19,2024-04-20 00:07:40 UTC,Pacific Time (US & Canada),6118043,hunter3ross,,2024-04-23 00:41:44 UTC,2024-04-23 00:41:51 UTC,needs_id,CC-BY-NC,https://www.inaturalist.org/observations/208814981,https://inaturalist-open-data.s3.amazonaws.com/photos/369488656/medium.jpg,,"","",0,0,false,3,"University of California, Goleta, CA, US",34.4074383333,-119.8485866667,4,,,,4,,,false,,,"",Coleoptera,Beetles,Insecta,47208
215355659,8ec2b6e6-ee20-40d8-af4d-ae5ec7b1d5eb,2024-05-05 12:32:27-07:00,2024-05-05,2024-05-05 19:32:27 UTC,Pacific Time (US & Canada),6118043,hunter3ross,,2024-05-12 21:16:55 UTC,2024-05-18 16:45:49 UTC,casual,CC-BY-NC,https://www.inaturalist.org/observations/215355659,https://inaturalist-open-data.s3.amazonaws.com/photos/381903492/medium.jpg,,"","",1,0,true,3,"Del Norte Dr, Goleta, CA, US",34.43655,-119.8734366667,35,,,,35,,,false,,,Magenta Rockrose,Cistus × incanus,Magenta Rockrose,Plantae,1093017
215973562,101f829d-ab20-4606-be81-bdb40a3c4f33,2024-05-10 16:30:16-07:00,2024-05-10,2024-05-10 23:30:16 UTC,Pacific Time (US & Canada),6118043,hunter3ross,,2024-05-15 19:50:06 UTC,2024-05-15 22:16:10 UTC,research,CC-BY-NC,https://www.inaturalist.org/observations/215973562,https://inaturalist-open-data.s3.amazonaws.com/photos/381903720/medium.jpg,,"","",1,0,false,3,"Goleta South, Goleta, CA, US",34.4207033333,-119.873695,4,,,,4,,,false,,,Western Pygmy-Blue,Brephidium exilis,Western Pygmy-Blue,Insecta,53843
215973719,329c2ee8-879e-4e6d-8987-a6b810efd367,2024-05-04 11:14:30-07:00,2024-05-04,2024-05-04 18:14:30 UTC,Pacific Time (US & Canada),6118043,hunter3ross,,2024-05-15 19:50:35 UTC,2024-05-18 20:41:15 UTC,research,CC-BY-NC,https://www.inaturalist.org/observations/215973719,https://inaturalist-open-data.s3.amazonaws.com/photos/381903877/medium.jpg,,"","",2,0,false,3,"Lompoc, CA, US",34.7199166667,-120.4730383333,3,,,,3,,,false,,,California Sister,Adelpha californica,California Sister,Insecta,67560
218405208,c87dfc00-4c2a-49cf-b502-6e105542843b,2024-05-25 18:53:30-07:00,2024-05-25,2024-05-26 01:53:30 UTC,Pacific Time (US & Canada),6118043,hunter3ross,,2024-05-26 16:12:40 UTC,2025-04-05 02:35:33 UTC,research,CC-BY-NC,https://www.inaturalist.org/observations/218405208,https://inaturalist-open-data.s3.amazonaws.com/photos/386471839/medium.jpg,,"","",1,0,false,3,"Silverwood Lake State Recreation Area, Hesperia, CA, US",34.2855333333,-117.353705,3,,,,3,,open,false,,,California flannelbush,Fremontodendron californicum,California flannelbush,Plantae,63609
218406508,be48a730-f1e9-4628-ad01-c594d7a200ad,2024-05-24 14:17:25-07:00,2024-05-24,2024-05-24 21:17:25 UTC,Pacific Time (US & Canada),6118043,hunter3ross,,2024-05-26 16:16:54 UTC,2024-05-30 06:20:26 UTC,research,CC-BY-NC,https://www.inaturalist.org/observations/218406508,https://inaturalist-open-data.s3.amazonaws.com/photos/386473788/medium.jpg,,"","",1,0,false,3,"Silverwood Lake State Recreation Area, Hesperia, CA, US",34.28532,-117.353745,9,,,,9,,,false,,,Pacific Tent Caterpillar,Malacosoma constricta,Pacific Tent Caterpillar,Insecta,477142
218406689,9160e14f-7ddb-438e-af93-687987018459,2024-05-24 11:37:55-07:00,2024-05-24,2024-05-24 18:37:55 UTC,Pacific Time (US & Canada),6118043,hunter3ross,,2024-05-26 16:17:45 UTC,2024-05-26 16:18:06 UTC,needs_id,CC-BY-NC,https://www.inaturalist.org/observations/218406689,https://inaturalist-open-data.s3.amazonaws.com/photos/386474150/medium.jpg,,"","",0,0,false,3,"Silverwood Lake State Recreation Area, Hesperia, CA, US",34.2858083333,-117.35102,2247,,,,2247,,,false,,,"",Penstemon,beardtongues,Plantae,48367
218406850,02c80154-2686-4dba-b0a5-43359e9d5e14,2024-05-24 11:38:19-07:00,2024-05-24,2024-05-24 18:38:19 UTC,Pacific Time (US & Canada),6118043,hunter3ross,,2024-05-26 16:18:28 UTC,2024-05-26 16:18:44 UTC,needs_id,CC-BY-NC,https://www.inaturalist.org/observations/218406850,https://inaturalist-open-data.s3.amazonaws.com/photos/386474500/medium.jpg,,"","",0,0,false,3,"Silverwood Lake State Recreation Area, Hesperia, CA, US",34.2854833333,-117.3535783333,4,,,,4,,,false,,,"",Solanum xanti,purple nightshade,Plantae,79146
218406965,8a0a1c2d-0157-4558-8657-18846e0b4758,2024-05-24 11:35:53-07:00,2024-05-24,2024-05-24 18:35:53 UTC,Pacific Time (US & Canada),6118043,hunter3ross,,2024-05-26 16:18:54 UTC,2024-05-26 16:20:13 UTC,needs_id,CC-BY-NC,https://www.inaturalist.org/observations/218406965,https://inaturalist-open-data.s3.amazonaws.com/photos/386474741/medium.jpg,,"","",0,0,false,3,"Silverwood Lake State Recreation Area, Hesperia, CA, US",34.2852466667,-117.3538616667,61,,,,61,,,false,,,"",Rhus trilobata,Skunkbush Sumac,Plantae,867365
220088650,8f3f0ca4-6ece-476f-87d7-3ebb43e2dcec,2024-05-26 10:07:48-07:00,2024-05-26,2024-05-26 17:07:48 UTC,Pacific Time (US & Canada),6118043,hunter3ross,,2024-06-02 20:19:26 UTC,2024-06-04 00:27:40 UTC,research,CC-BY-NC,https://www.inaturalist.org/observations/220088650,https://inaturalist-open-data.s3.amazonaws.com/photos/389623793/medium.jpg,,"","",1,0,false,3,"Silverwood Lake, Hesperia, CA, US",34.283855,-117.3343416667,1414,,,,1414,,,false,,,miner's lettuce,Claytonia perfoliata,miner's lettuce,Plantae,52994
220089008,adf27729-bbf4-4aba-a752-0e3f003540fe,2024-05-26 09:25:19-07:00,2024-05-26,2024-05-26 16:25:19 UTC,Pacific Time (US & Canada),6118043,hunter3ross,,2024-06-02 20:20:51 UTC,2024-06-02 20:22:43 UTC,needs_id,CC-BY-NC,https://www.inaturalist.org/observations/220089008,https://inaturalist-open-data.s3.amazonaws.com/photos/389624457/medium.jpg,,"","",0,0,false,3,"Silverwood Lake State Recreation Area, Hesperia, CA, US",34.285525,-117.3536616667,3,,,,3,,,false,,,"",Camissoniopsis,Suncups,Plantae,72029
222482028,92ad9931-e7e2-4521-86e5-8efb84e120d0,2024-06-13 10:29:38-07:00,2024-06-13,2024-06-13 17:29:38 UTC,Arizona,6118043,hunter3ross,,2024-06-13 17:30:37 UTC,2024-07-15 23:14:00 UTC,casual,CC-BY-NC,https://www.inaturalist.org/observations/222482028,https://inaturalist-open-data.s3.amazonaws.com/photos/407564737/medium.jpeg,,"","",0,0,false,3,"",,,,,,,,,,false,,,"",Clathrus,Cage Stinkhorns,Fungi,51137
223160334,91705d25-e12d-4948-8b71-6add4caa7502,2024-06-16 11:15:03-07:00,2024-06-16,2024-06-16 18:15:03 UTC,Pacific Time (US & Canada),6118043,hunter3ross,,2024-06-16 18:28:34 UTC,2024-07-15 23:13:45 UTC,needs_id,CC-BY-NC,https://www.inaturalist.org/observations/223160334,https://inaturalist-open-data.s3.amazonaws.com/photos/407564595/medium.jpeg,,"","",0,0,false,3,"Santa Barbara Botanic Garden, Santa Barbara, CA, US",34.455995,-119.7093666667,3,,,,3,,,false,,,"",Monardella villosa,Coyote Mint,Plantae,52181
229597074,ece35155-d985-4543-b4a7-139a119b7b20,2024-07-14 14:38:24-07:00,2024-07-14,2024-07-14 21:38:24 UTC,Pacific Time (US & Canada),6118043,hunter3ross,,2024-07-15 23:14:01 UTC,2024-07-27 01:53:03 UTC,research,CC-BY-NC,https://www.inaturalist.org/observations/229597074,https://inaturalist-open-data.s3.amazonaws.com/photos/407564830/medium.jpeg,,"","",2,0,false,3,"CA-49, Coulterville, CA, US",37.6399,-120.1521695,4,,,,4,,,false,,,turkey mullein,Croton setiger,turkey mullein,Plantae,154156
229597144,43806127-35f4-4b82-ac50-7142fce28bcf,2024-07-14 11:51:06-07:00,2024-07-14,2024-07-14 18:51:06 UTC,Pacific Time (US & Canada),6118043,hunter3ross,,2024-07-15 23:14:35 UTC,2024-07-15 23:14:52 UTC,needs_id,CC-BY-NC,https://www.inaturalist.org/observations/229597144,https://inaturalist-open-data.s3.amazonaws.com/photos/407565008/medium.jpeg,,"","",0,0,false,3,"Yosemite National Park, Groveland, CA, US",37.7610083333,-119.8054883333,5,,,,5,,,false,,,"",Rosa,roses,Plantae,53438
229597216,2b6d7f79-6ea0-4d2e-8ac9-d6c0d866c889,2024-07-14 11:01:04-07:00,2024-07-14,2024-07-14 18:01:04 UTC,Pacific Time (US & Canada),6118043,hunter3ross,,2024-07-15 23:14:54 UTC,2024-07-20 04:14:06 UTC,research,CC-BY-NC,https://www.inaturalist.org/observations/229597216,https://inaturalist-open-data.s3.amazonaws.com/photos/407565159/medium.jpeg,,"","",1,0,false,3,"Yosemite National Park, Groveland, CA, US",37.770425,-119.8062833333,9,,,,9,,,false,,,Mountain Misery,Chamaebatia foliolosa,Mountain Misery,Plantae,56573
229597358,eba03168-3c70-4593-b112-eb5d557133cf,2024-07-14 10:59:09-07:00,2024-07-14,2024-07-14 17:59:09 UTC,Pacific Time (US & Canada),6118043,hunter3ross,,2024-07-15 23:15:37 UTC,2024-07-16 05:38:28 UTC,needs_id,CC-BY-NC,https://www.inaturalist.org/observations/229597358,https://inaturalist-open-data.s3.amazonaws.com/photos/407565341/medium.jpeg,,"","",1,0,false,3,"Yosemite National Park, Coulterville, CA, US",37.8403158544,-119.559080677,23695,,,,23695,,,false,,,rainbow iris,Iris hartwegii,rainbow iris,Plantae,62264
229597384,ba80a0ea-0d43-4614-9867-46f3844d6c2f,2024-07-14 10:30:50-07:00,2024-07-14,2024-07-14 17:30:50 UTC,Pacific Time (US & Canada),6118043,hunter3ross,,2024-07-15 23:15:56 UTC,2024-07-15 23:16:13 UTC,needs_id,CC-BY-NC,https://www.inaturalist.org/observations/229597384,https://inaturalist-open-data.s3.amazonaws.com/photos/407565412/medium.jpeg,,"","",0,0,false,3,"Yosemite National Park, Groveland, CA, US",37.766175,-119.8038416667,6,,,,6,,,false,,,"",Hieracium,hawkweeds,Plantae,55910
229597578,27e8ff08-7011-48ee-8558-b3d399209203,2024-07-14 10:30:25-07:00,2024-07-14,2024-07-14 17:30:25 UTC,Pacific Time (US & Canada),6118043,hunter3ross,,2024-07-15 23:17:41 UTC,2024-08-16 18:18:27 UTC,needs_id,CC-BY-NC,https://www.inaturalist.org/observations/229597578,https://inaturalist-open-data.s3.amazonaws.com/photos/407565843/medium.jpeg,,"","",2,0,false,3,"Yosemite National Park, Groveland, CA, US",37.7662716667,-119.8038416667,8,,,,8,,,false,,,Paintbrushes,Castilleja,Paintbrushes,Plantae,49340
229597609,143becac-5ff7-400c-92e8-881708c8fd98,2024-07-13 15:50:12-07:00,2024-07-13,2024-07-13 22:50:12 UTC,Pacific Time (US & Canada),6118043,hunter3ross,,2024-07-15 23:18:01 UTC,2024-07-15 23:18:20 UTC,needs_id,CC-BY-NC,https://www.inaturalist.org/observations/229597609,https://inaturalist-open-data.s3.amazonaws.com/photos/407565932/medium.jpeg,,"","",0,0,false,3,"Yosemite National Park, Coulterville, CA, US",37.812745,-119.4830083333,4,,,,4,,,false,,,"",Penstemon,beardtongues,Plantae,48367
229597652,82694160-8d20-40f4-9dbf-af458ff58bcf,2024-07-13 10:07:03-07:00,2024-07-13,2024-07-13 17:07:03 UTC,Pacific Time (US & Canada),6118043,hunter3ross,,2024-07-15 23:18:26 UTC,2024-07-15 23:18:43 UTC,needs_id,CC-BY-NC,https://www.inaturalist.org/observations/229597652,https://inaturalist-open-data.s3.amazonaws.com/photos/407566087/medium.jpeg,,"","",0,0,false,3,"Yosemite National Park, Coulterville, CA, US",37.7393,-119.5946416667,3,,,,3,,,false,,,"",Oenothera elata,tall evening primrose,Plantae,51813
229597768,5b276914-661e-4421-bd44-9abb7bf73671,2024-07-14 10:23:37-07:00,2024-07-14,2024-07-14 17:23:37 UTC,Pacific Time (US & Canada),6118043,hunter3ross,,2024-07-15 23:19:03 UTC,2024-07-15 23:19:15 UTC,needs_id,CC-BY-NC,https://www.inaturalist.org/observations/229597768,https://inaturalist-open-data.s3.amazonaws.com/photos/407566249/medium.jpeg,,"","",0,0,false,3,"Yosemite National Park, Groveland, CA, US",37.7631,-119.8057166667,3,,,,3,,,false,,,"",Pyrola picta,white-veined wintergreen,Plantae,62239
229597789,a46f2e5c-3e6d-4ad4-97c0-4b30b67b649b,2024-07-14 10:19:09-07:00,2024-07-14,2024-07-14 17:19:09 UTC,Pacific Time (US & Canada),6118043,hunter3ross,,2024-07-15 23:19:16 UTC,2025-04-06 05:59:39 UTC,research,CC-BY-NC,https://www.inaturalist.org/observations/229597789,https://inaturalist-open-data.s3.amazonaws.com/photos/407566312/medium.jpeg,,"","",1,0,false,3,"Yosemite National Park, Groveland, CA, US",37.76107,-119.8051533333,6,,,,6,,,false,,,California coneflower,Rudbeckia californica,California coneflower,Plantae,78896
229597868,2c27ed5b-8efe-4f01-a8bc-60ac36e214ce,2024-07-14 10:06:42-07:00,2024-07-14,2024-07-14 17:06:42 UTC,Pacific Time (US & Canada),6118043,hunter3ross,,2024-07-15 23:19:44 UTC,2024-07-15 23:19:50 UTC,needs_id,CC-BY-NC,https://www.inaturalist.org/observations/229597868,https://inaturalist-open-data.s3.amazonaws.com/photos/407566432/medium.jpeg,,"","",0,0,false,3,"Yosemite National Park, Coulterville, CA, US",37.7582883333,-119.804475,45,,,,45,,,false,,,"",Eriogonum,wild buckwheats,Plantae,48939
229597896,b53ba216-34e7-4ac4-9997-2e5041af5236,2024-07-13 12:30:24-07:00,2024-07-13,2024-07-13 19:30:24 UTC,Pacific Time (US & Canada),6118043,hunter3ross,,2024-07-15 23:19:51 UTC,2024-07-16 00:27:59 UTC,research,CC-BY-NC,https://www.inaturalist.org/observations/229597896,https://inaturalist-open-data.s3.amazonaws.com/photos/407566472/medium.jpeg,,"","",1,0,false,3,"Yosemite National Park, Coulterville, CA, US",37.7388383333,-119.5662383333,16,,,,16,,open,false,,,broad-leaved sweet pea,Lathyrus latifolius,broad-leaved sweet pea,Plantae,61009
229597917,8f801880-ca16-499d-abb0-459e9b424ad9,2024-07-13 10:25:28-07:00,2024-07-13,2024-07-13 17:25:28 UTC,Pacific Time (US & Canada),6118043,hunter3ross,,2024-07-15 23:20:06 UTC,2024-07-15 23:20:18 UTC,needs_id,CC-BY-NC,https://www.inaturalist.org/observations/229597917,https://inaturalist-open-data.s3.amazonaws.com/photos/407566543/medium.jpeg,,"","",0,0,false,3,"Yosemite National Park, Coulterville, CA, US",37.7391166667,-119.5949783333,11,,,,11,,,false,,,"",Tragopogon,Salsifies,Plantae,54142
229598204,592219ca-4120-42ce-937d-2493ae2fc260,2024-07-13 10:23:45-07:00,2024-07-13,2024-07-13 17:23:45 UTC,Pacific Time (US & Canada),6118043,hunter3ross,,2024-07-15 23:20:45 UTC,2024-07-19 02:28:08 UTC,research,CC-BY-NC,https://www.inaturalist.org/observations/229598204,https://inaturalist-open-data.s3.amazonaws.com/photos/407566683/medium.jpeg,,"","",1,0,false,3,"Yosemite National Park, Coulterville, CA, US",37.7388916667,-119.5954133333,10,,,,10,,,false,,,Bull Thistle,Cirsium vulgare,Bull Thistle,Plantae,52989
229598218,78805054-78af-41d0-9505-7e6630b0381c,2024-07-13 10:23:28-07:00,2024-07-13,2024-07-13 17:23:28 UTC,Pacific Time (US & Canada),6118043,hunter3ross,,2024-07-15 23:20:52 UTC,2024-07-15 23:20:57 UTC,needs_id,CC-BY-NC,https://www.inaturalist.org/observations/229598218,https://inaturalist-open-data.s3.amazonaws.com/photos/407566715/medium.jpeg,,"","",0,0,false,3,"Yosemite National Park, Coulterville, CA, US",37.7388083333,-119.5953533333,24,,,,24,,,false,,,"",Mentha,mints,Plantae,54570
229598239,5953ab1f-c698-4411-bede-392ced23c8be,2024-07-13 10:07:27-07:00,2024-07-13,2024-07-13 17:07:27 UTC,Pacific Time (US & Canada),6118043,hunter3ross,,2024-07-15 23:21:07 UTC,2024-07-31 00:54:56 UTC,research,CC-BY-NC,https://www.inaturalist.org/observations/229598239,https://inaturalist-open-data.s3.amazonaws.com/photos/407566779/medium.jpeg,,"","",1,0,false,3,"Yosemite National Park, Coulterville, CA, US",37.7392716667,-119.594475,6,,,,6,,,false,,,Cobalt Milkweed Beetle,Chrysochus cobaltinus,Cobalt Milkweed Beetle,Insecta,119881
229598282,bfa502ae-608c-4f14-b7ae-46f683b3bbb9,2024-07-13 10:19:38-07:00,2024-07-13,2024-07-13 17:19:38 UTC,Pacific Time (US & Canada),6118043,hunter3ross,,2024-07-15 23:21:31 UTC,2024-07-18 12:56:16 UTC,research,CC-BY-NC,https://www.inaturalist.org/observations/229598282,https://inaturalist-open-data.s3.amazonaws.com/photos/407567304/medium.jpeg,,"","",1,0,false,3,"Yosemite National Park, Coulterville, CA, US",37.739375,-119.595275,5,,,,5,,,false,,,great mullein,Verbascum thapsus,great mullein,Plantae,59029
229598462,84546eb5-4958-4fb7-b9c5-a3e2f110e652,2024-07-13 09:40:57-07:00,2024-07-13,2024-07-13 16:40:57 UTC,Pacific Time (US & Canada),6118043,hunter3ross,,2024-07-15 23:23:07 UTC,2024-07-15 23:23:17 UTC,needs_id,CC-BY-NC,https://www.inaturalist.org/observations/229598462,https://inaturalist-open-data.s3.amazonaws.com/photos/407567369/medium.jpeg,,"","",0,0,false,3,"Yosemite National Park, Yosemite National Park, CA, US",37.721325,-119.6538083333,3033,,,,3033,,,false,,,"",Philadelphus,mock oranges,Plantae,52470
230853273,785fa81c-2d66-4db4-8813-1821917a22f8,Sun Jul 21 2024 14:32:25 GMT -0700 (PDT),2024-07-21,2024-07-21 21:32:25 UTC,Pacific Time (US & Canada),6118043,hunter3ross,,2024-07-21 21:32:39 UTC,2025-02-12 04:40:14 UTC,research,CC-BY-NC,https://www.inaturalist.org/observations/230853273,https://inaturalist-open-data.s3.amazonaws.com/photos/409939822/medium.jpeg,,"",,1,0,false,333,Calabasas,34.1293945313,-118.6632156372,6,,,,6,,open,false,,,Mediterranean Katydid,Phaneroptera nana,Mediterranean Katydid,Insecta,132070
230853428,c9bd8244-b83c-4ff3-b030-94f231832797,Sun Jul 21 2024 14:33:13 GMT -0700 (PDT),2024-07-21,2024-07-21 21:33:13 UTC,Pacific Time (US & Canada),6118043,hunter3ross,,2024-07-21 21:33:25 UTC,2024-07-28 14:47:09 UTC,research,CC-BY-NC,https://www.inaturalist.org/observations/230853428,https://inaturalist-open-data.s3.amazonaws.com/photos/409940177/medium.jpeg,,"",,1,0,false,333,Calabasas,34.1293945313,-118.6632156372,6,,,,6,,open,false,,,Mediterranean Katydid,Phaneroptera nana,Mediterranean Katydid,Insecta,132070
230933750,c0c71a8c-4cd5-4b12-8a07-ff9bea2586a2,2024-07-21 23:12:20-07:00,2024-07-21,2024-07-22 06:12:20 UTC,Pacific Time (US & Canada),6118043,hunter3ross,,2024-07-22 06:14:03 UTC,2025-02-15 06:13:11 UTC,needs_id,CC-BY-NC,https://www.inaturalist.org/observations/230933750,,https://static.inaturalist.org/sounds/1140078.m4a?1721628844,"","",2,0,false,3,"Santa Monica Mountains National Recreation Area, Calabasas, CA, US",34.1293984846,-118.6632160557,6,,,,6,,,false,,,Animals,Animalia,Animals,Animalia,1
231233132,0baed747-3bdb-46c8-8ffc-d7a628ebd0b2,2024-07-23 09:44:42-07:00,2024-07-23,2024-07-23 16:44:42 UTC,Pacific Time (US & Canada),6118043,hunter3ross,,2024-07-23 16:47:02 UTC,2025-01-16 18:04:29 UTC,needs_id,CC-BY-NC,https://www.inaturalist.org/observations/231233132,https://inaturalist-open-data.s3.amazonaws.com/photos/410661084/medium.jpeg,,"","",2,0,false,3,"Santa Monica Mountains National Recreation Area, Calabasas, CA, US",34.1293445,-118.6632383333,3,,,,3,,,false,,,Winged and Once-winged Insects,Pterygota,Winged and Once-winged Insects,Insecta,184884
231846516,8ff817b8-0d2b-4b78-a711-faaefb254c7a,2024-07-26 09:22:59-07:00,2024-07-26,2024-07-26 16:22:59 UTC,Pacific Time (US & Canada),6118043,hunter3ross,,2024-07-26 16:23:39 UTC,2024-07-26 16:23:47 UTC,needs_id,CC-BY-NC,https://www.inaturalist.org/observations/231846516,https://inaturalist-open-data.s3.amazonaws.com/photos/411828170/medium.jpeg,,"","",0,0,false,3,"Santa Monica Mountains National Recreation Area, Calabasas, CA, US",34.129325,-118.66327,9,,,,9,,,false,,,"",Mantidae,Mantids,Insecta,48111
232569482,b9dbb1a2-86af-4333-9bf7-1890da122ec0,Mon Jul 29 2024 13:51:38 GMT -0700 (PDT),2024-07-29,2024-07-29 20:51:38 UTC,Pacific Time (US & Canada),6118043,hunter3ross,,2024-07-29 20:52:06 UTC,2024-08-07 02:28:59 UTC,casual,CC-BY-NC,https://www.inaturalist.org/observations/232569482,https://inaturalist-open-data.s3.amazonaws.com/photos/416434217/medium.jpeg,,"",,0,0,true,333,Los Angeles,34.044921875,-118.565284729,5,,,,5,,,false,,,,Phlomis fruticosa,Jerusalem Lampwick,Plantae,135327
234264534,9d2b4e7b-338b-44a6-bed2-97ef8275d7ca,Mon Jul 29 2024 13:41:38 GMT -0700 (PDT),2024-07-29,2024-07-29 20:41:38 UTC,Pacific Time (US & Canada),6118043,hunter3ross,,2024-08-07 02:28:50 UTC,2024-08-08 02:46:16 UTC,research,CC-BY-NC,https://www.inaturalist.org/observations/234264534,https://inaturalist-open-data.s3.amazonaws.com/photos/416434234/medium.jpeg,,"",,1,0,false,333,"Los Angeles County, US-CA, US",34.0449829102,-118.5655059814,284,,,,284,,,false,,,Umber Skipper,Lon melane,Umber Skipper,Insecta,1081332
234264829,891d0449-fd80-4788-9827-adc9e35466c3,Tue Aug 06 2024 19:30:23 GMT -0700 (PDT),2024-08-06,2024-08-07 02:30:23 UTC,Pacific Time (US & Canada),6118043,hunter3ross,,2024-08-07 02:30:51 UTC,2024-08-07 02:30:59 UTC,needs_id,CC-BY-NC,https://www.inaturalist.org/observations/234264829,https://inaturalist-open-data.s3.amazonaws.com/photos/416434722/medium.jpeg,,"",,0,0,false,333,Goleta,34.4098625183,-119.8692779541,35,,,,35,,,false,,,,Oenothera,"evening primroses, sundrops, and beeblossoms",Plantae,48626
235202289,d616aae3-36cf-4dbb-a29c-a038303b4d1a,2024-08-11 14:03:42-07:00,2024-08-11,2024-08-11 21:03:42 UTC,Pacific Time (US & Canada),6118043,hunter3ross,,2024-08-11 21:05:53 UTC,2024-10-08 06:06:39 UTC,needs_id,CC-BY-NC,https://www.inaturalist.org/observations/235202289,https://inaturalist-open-data.s3.amazonaws.com/photos/418368672/medium.jpeg,,"","",0,0,false,3,"Coal Oil Point Reserve, Goleta, CA, US",34.407105,-119.8782883333,3,,,,3,,,false,,,"",Cnidaria,Cnidarians,Animalia,47534
235261491,760836a3-61a6-44f0-a84e-1ac6adcb5442,2024-08-11 15:31:29-07:00,2024-08-11,2024-08-11 22:31:29 UTC,Pacific Time (US & Canada),6118043,hunter3ross,,2024-08-12 02:45:04 UTC,2024-08-15 16:43:44 UTC,research,CC-BY-NC,https://www.inaturalist.org/observations/235261491,https://inaturalist-open-data.s3.amazonaws.com/photos/418368846/medium.jpeg,,"","",2,0,false,3,"Slough Rd, Goleta, CA, US",34.4109033333,-119.8773583333,4,,,,4,,open,false,,,Western Skink,Plestiodon skiltonianus,Western Skink,Reptilia,37769
250727833,ee6c1817-eaca-46c9-a5a3-ba5edeaa29f3,2024-11-06 12:00:34-08:00,2024-11-06,2024-11-06 20:00:34 UTC,Pacific Time (US & Canada),6118043,hunter3ross,,2024-11-06 22:38:31 UTC,2025-01-11 23:28:39 UTC,research,CC-BY-NC,https://www.inaturalist.org/observations/250727833,https://inaturalist-open-data.s3.amazonaws.com/photos/448484482/medium.jpeg,,"","",1,0,false,3,"Goleta, CA, US",34.5066533333,-120.4142216667,13,,,,13,,open,false,,,milk thistle,Silybum marianum,milk thistle,Plantae,52586
250728149,4a61e6aa-70d6-4063-b00d-498ebcdaf000,2024-11-06 12:31:07-08:00,2024-11-06,2024-11-06 20:31:07 UTC,Pacific Time (US & Canada),6118043,hunter3ross,,2024-11-06 22:41:58 UTC,2024-11-08 08:42:36 UTC,research,CC-BY-NC,https://www.inaturalist.org/observations/250728149,https://inaturalist-open-data.s3.amazonaws.com/photos/448485048/medium.jpeg,,"","",1,0,false,3,"Goleta, CA, US",34.5055116667,-120.413125,4,,,,4,,open,false,,,Common Poorwill,Phalaenoptilus nuttallii,Common Poorwill,Aves,19609
250728200,e9725178-6082-4568-abaf-708c7a0f6bd8,2024-11-06 12:24:21-08:00,2024-11-06,2024-11-06 20:24:21 UTC,Pacific Time (US & Canada),6118043,hunter3ross,,2024-11-06 22:42:26 UTC,2024-12-05 07:40:21 UTC,research,CC-BY-NC,https://www.inaturalist.org/observations/250728200,https://inaturalist-open-data.s3.amazonaws.com/photos/448485121/medium.jpeg,,"","",1,0,false,3,"Goleta, CA, US",34.5065383333,-120.4143833333,4,,,,4,,open,false,,,California King Snake,Lampropeltis californiae,California King Snake,Reptilia,146199
250728318,7d7c7bab-33ac-4415-85fe-4ef3b24024db,2024-11-06 08:42:25-08:00,2024-11-06,2024-11-06 16:42:25 UTC,Pacific Time (US & Canada),6118043,hunter3ross,,2024-11-06 22:43:31 UTC,2024-11-12 05:14:43 UTC,research,CC-BY-NC,https://www.inaturalist.org/observations/250728318,https://inaturalist-open-data.s3.amazonaws.com/photos/448485341/medium.jpeg,,"","",2,0,false,3,"Jalama Rd, Lompoc, CA, US",34.5095133333,-120.435005,3,,,,3,,open,false,,,Bobcat,Lynx rufus,Bobcat,Mammalia,41976
254572079,c06f3fa9-070c-4155-b402-81b9f946c27a,Sun Dec 08 2024 16:54:06 GMT -0800 (PST),2024-12-08,2024-12-09 00:54:06 UTC,Pacific Time (US & Canada),6118043,hunter3ross,,2024-12-09 00:54:14 UTC,2025-04-14 13:16:18 UTC,research,CC-BY-NC,https://www.inaturalist.org/observations/254572079,https://inaturalist-open-data.s3.amazonaws.com/photos/457721540/medium.jpeg,,"",,1,0,false,333,Goleta,34.5023841858,-119.8652648926,82,,,,82,,,false,,,black sage,Salvia mellifera,black sage,Plantae,50643
255001024,59042ad3-b112-4500-936d-6c6e47070c2d,2024-12-13 09:58:02-08:00,2024-12-13,2024-12-13 17:58:02 UTC,Pacific Time (US & Canada),6118043,hunter3ross,,2024-12-13 17:58:59 UTC,2024-12-13 18:00:19 UTC,needs_id,CC-BY-NC,https://www.inaturalist.org/observations/255001024,https://inaturalist-open-data.s3.amazonaws.com/photos/456884434/medium.jpg,,"","",0,0,false,3,"La Vereda Ln, Santa Barbara, CA, US",34.42337,-119.6317583333,18,,,,18,,,false,,,"",Armillaria,honey mushrooms,Fungi,55930
255095185,2bfa0ce2-0624-4675-a0b8-85d8753a7fcc,2024-12-14 09:35:43-08:00,2024-12-14,2024-12-14 17:35:43 UTC,Pacific Time (US & Canada),6118043,hunter3ross,,2024-12-14 18:25:40 UTC,2024-12-14 18:25:57 UTC,needs_id,CC-BY-NC,https://www.inaturalist.org/observations/255095185,https://inaturalist-open-data.s3.amazonaws.com/photos/457073199/medium.jpg,,"","",0,0,false,3,"Elings Park, Santa Barbara, CA, US",34.412405,-119.734025,71,,,,71,,,false,,,"",Ribes,currants and gooseberries,Plantae,47130
255339683,262db45d-fbdf-40f6-9de2-c7356bd35a7a,2024-12-15 15:32:55-08:00,2024-12-15,2024-12-15 23:32:55 UTC,Pacific Time (US & Canada),6118043,hunter3ross,,2024-12-16 23:43:10 UTC,2024-12-21 11:20:23 UTC,needs_id,CC-BY-NC,https://www.inaturalist.org/observations/255339683,https://inaturalist-open-data.s3.amazonaws.com/photos/457570738/medium.jpg,,"","",1,0,false,3,"Sea Lookout Park, Goleta, CA, US",34.4094883333,-119.865945,50,,,,50,,open,false,,,Notchbrow Blenny,Hypsoblennius gilberti,Notchbrow Blenny,Actinopterygii,103211
255411644,ea22c95d-9299-4e24-9754-35dc9673ba9b,Tue Dec 17 2024 10:25:34 GMT -0800 (PST),2024-12-17,2024-12-17 18:25:34 UTC,Pacific Time (US & Canada),6118043,hunter3ross,,2024-12-17 18:25:52 UTC,2025-04-15 15:30:01 UTC,research,CC-BY-NC,https://www.inaturalist.org/observations/255411644,https://inaturalist-open-data.s3.amazonaws.com/photos/457807609/medium.jpg,,"",,1,0,false,333,Santa Barbara,34.4284629822,-119.6353683472,7,,,,7,,open,false,,,tall flatsedge,Cyperus eragrostis,tall flatsedge,Plantae,59055
255411701,7b257715-8ba7-4bff-b086-4ab6a6ca4012,Tue Dec 17 2024 10:26:15 GMT -0800 (PST),2024-12-17,2024-12-17 18:26:15 UTC,Pacific Time (US & Canada),6118043,hunter3ross,,2024-12-17 18:27:03 UTC,2025-04-15 15:30:04 UTC,research,CC-BY-NC,https://www.inaturalist.org/observations/255411701,https://inaturalist-open-data.s3.amazonaws.com/photos/457807593/medium.jpeg,,"",,1,0,false,333,Santa Barbara,34.4284896851,-119.6353988647,8,,,,8,,,false,,,poison hemlock,Conium maculatum,poison hemlock,Plantae,52998
255696031,ee12338c-8e1d-405d-9521-917e0ebfb890,2024-12-20 10:20:33-08:00,2024-12-20,2024-12-20 18:20:33 UTC,Pacific Time (US & Canada),6118043,hunter3ross,,2024-12-20 18:22:03 UTC,2025-03-03 08:15:06 UTC,research,CC-BY-NC,https://www.inaturalist.org/observations/255696031,https://inaturalist-open-data.s3.amazonaws.com/photos/460705019/medium.jpg,,"","",1,0,false,3,"Santa Barbara, CA, US",34.4322866667,-119.6216716667,3,,,,3,,,false,,,western jack-o'-lantern,Omphalotus olivascens,western jack-o'-lantern,Fungi,67752
255930529,73dce37d-2588-44dd-8f3d-853310487b16,Sun Dec 22 2024 15:26:16 GMT -0800 (PST),2024-12-22,2024-12-22 23:26:16 UTC,Pacific Time (US & Canada),6118043,hunter3ross,,2024-12-22 23:26:31 UTC,2025-04-16 09:09:10 UTC,research,CC-BY-NC,https://www.inaturalist.org/observations/255930529,https://inaturalist-open-data.s3.amazonaws.com/photos/458752195/medium.jpeg,,"",,1,0,false,333,Goleta,34.4272766113,-119.8969497681,104,,,,104,,,false,,,western jack-o'-lantern,Omphalotus olivascens,western jack-o'-lantern,Fungi,67752
255931539,0583a626-0f6a-482c-81d1-301b6d34e380,Sun Dec 22 2024 15:36:36 GMT -0800 (PST),2024-12-22,2024-12-22 23:36:36 UTC,Pacific Time (US & Canada),6118043,hunter3ross,,2024-12-22 23:36:52 UTC,2025-04-16 09:10:01 UTC,research,CC-BY-NC,https://www.inaturalist.org/observations/255931539,https://inaturalist-open-data.s3.amazonaws.com/photos/460705454/medium.jpg,,"",,1,0,false,333,Goleta,34.4246139526,-119.8993453979,56,,,,56,,open,false,,,Holm oak,Quercus ilex,Holm oak,Plantae,78805
256802859,beecf9b9-281f-4813-9b1e-35fa04a03e86,Mon Dec 30 2024 13:29:36 GMT -0800 (PST),2024-12-30,2024-12-30 21:29:36 UTC,Pacific Time (US & Canada),6118043,hunter3ross,,2024-12-30 21:29:46 UTC,2024-12-31 16:30:41 UTC,needs_id,CC-BY-NC,https://www.inaturalist.org/observations/256802859,https://inaturalist-open-data.s3.amazonaws.com/photos/460705312/medium.jpg,,"",,0,0,false,333,Goleta,34.4502410889,-119.8456344604,4,,,,4,,,false,,,,Armillaria,honey mushrooms,Fungi,55930
258188573,8dfed518-43a5-47e7-a3a0-75bbfce81045,2025-01-11 14:04:12-08:00,2025-01-11,2025-01-11 22:04:12 UTC,Pacific Time (US & Canada),6118043,hunter3ross,,2025-01-12 00:13:13 UTC,2025-01-12 13:41:26 UTC,research,CC-BY-NC,https://www.inaturalist.org/observations/258188573,https://inaturalist-open-data.s3.amazonaws.com/photos/463197357/medium.jpg,,"","",1,0,false,3,"Campus Point State Marine Conservation Area, Goleta, CA, US",34.4078716667,-119.8766116667,106,,,,106,,,false,,,California Clingfish,Gobiesox rhessodon,California Clingfish,Actinopterygii,317117
259784217,2d7e0dd3-ef8e-4c42-a958-db8a4b7323f3,2025-01-27 11:01:01-08:00,2025-01-27,2025-01-27 19:01:01 UTC,Pacific Time (US & Canada),6118043,hunter3ross,,2025-01-27 19:04:35 UTC,2025-01-27 19:27:10 UTC,research,CC-BY-NC,https://www.inaturalist.org/observations/259784217,https://inaturalist-open-data.s3.amazonaws.com/photos/466412505/medium.jpg,,"","",1,0,false,3,"Isla Vista, Goleta, CA, US",34.40918,-119.867225,3,,,,3,,open,false,,,Red-tailed Hawk,Buteo jamaicensis,Red-tailed Hawk,Aves,5212
260950670,c66784de-d229-4cb3-a111-c7dce2c7c53a,Fri Feb 07 2025 17:08:04 GMT -0800 (PST),2025-02-07,2025-02-08 01:08:04 UTC,Pacific Time (US & Canada),6118043,hunter3ross,,2025-02-08 01:08:26 UTC,2025-02-12 16:48:35 UTC,needs_id,CC-BY-NC,https://www.inaturalist.org/observations/260950670,https://inaturalist-open-data.s3.amazonaws.com/photos/469719070/medium.jpg,,"",,0,0,false,333,Goleta,34.5019607544,-119.8645706177,4,,,,4,,,false,,,,Selaginella,spikemosses,Plantae,58771
260950910,c16ccdc8-a5f7-4c1b-bb6c-d0e604a2b79b,Fri Feb 07 2025 17:11:46 GMT -0800 (PST),2025-02-07,2025-02-08 01:11:46 UTC,Pacific Time (US & Canada),6118043,hunter3ross,,2025-02-08 01:12:12 UTC,2025-02-12 16:47:54 UTC,needs_id,CC-BY-NC,https://www.inaturalist.org/observations/260950910,https://inaturalist-open-data.s3.amazonaws.com/photos/469718935/medium.jpg,,"",,0,0,false,333,Goleta,34.5019035339,-119.8647003174,1272,,,,1272,,,false,,,,Dudleya,Liveforever,Plantae,51891
260951250,3a0fc298-8219-4d45-9791-6e317722e461,Fri Feb 07 2025 17:17:09 GMT -0800 (PST),2025-02-07,2025-02-08 01:17:09 UTC,Pacific Time (US & Canada),6118043,hunter3ross,,2025-02-08 01:17:43 UTC,2025-02-17 06:37:30 UTC,needs_id,CC-BY-NC,https://www.inaturalist.org/observations/260951250,https://inaturalist-open-data.s3.amazonaws.com/photos/469718881/medium.jpg,,"",,2,0,false,333,"Santa Barbara County, US-CA, US",34.5016136169,-119.8640975952,3,,,,3,,,false,,,bush monkeyflowers,Diplacus,bush monkeyflowers,Plantae,777236
261274023,dbacaf46-c5ca-4354-a989-652e5fc71784,Mon Feb 10 2025 11:43:58 GMT -0800 (PST),2025-02-10,2025-02-10 19:43:58 UTC,Pacific Time (US & Canada),6118043,hunter3ross,,2025-02-10 19:44:14 UTC,2025-02-10 19:44:22 UTC,needs_id,CC-BY-NC,https://www.inaturalist.org/observations/261274023,https://inaturalist-open-data.s3.amazonaws.com/photos/469361498/medium.jpeg,,"",,0,0,false,333,Goleta,34.421169281,-119.8726654053,32,,,,32,,,false,,,,Extriplex californica,California orache,Plantae,470236
261455372,9bfb937b-43bd-45fd-957a-148ab891e720,2025-02-10 15:35:23-08:00,2025-02-10,2025-02-10 23:35:23 UTC,Pacific Time (US & Canada),6118043,hunter3ross,,2025-02-12 16:50:56 UTC,2025-02-12 21:53:38 UTC,research,CC-BY-NC,https://www.inaturalist.org/observations/261455372,https://inaturalist-open-data.s3.amazonaws.com/photos/469719471/medium.jpg,,"","",2,0,false,3,"Santa Barbara Channel, Goleta, CA, US",34.4088708447,-119.868723055,114,,,,114,,,false,,,Opalescent Nudibranch,Hermissenda opalescens,Opalescent Nudibranch,Mollusca,494603
262030576,302bda6d-5aee-44c1-acd2-d381fc8bf2a9,Mon Feb 17 2025 13:15:09 GMT -0800 (PST),2025-02-17,2025-02-17 21:15:09 UTC,Pacific Time (US & Canada),6118043,hunter3ross,,2025-02-17 21:17:58 UTC,2025-02-17 21:18:12 UTC,needs_id,CC-BY-NC,https://www.inaturalist.org/observations/262030576,https://inaturalist-open-data.s3.amazonaws.com/photos/470832316/medium.jpeg,,"",,0,0,false,333,Goleta,34.461566925,-120.0290222168,4,,,,4,,,false,,,,Solanum umbelliferum,bluewitch nightshade,Plantae,50639
262036141,6f8edc9f-4a97-4b52-982d-4d3dd846ebd9,Mon Feb 17 2025 13:40:01 GMT -0800 (PST),2025-02-17,2025-02-17 21:40:01 UTC,Pacific Time (US & Canada),6118043,hunter3ross,,2025-02-17 21:40:21 UTC,2025-02-17 21:40:41 UTC,needs_id,CC-BY-NC,https://www.inaturalist.org/observations/262036141,https://inaturalist-open-data.s3.amazonaws.com/photos/470836836/medium.jpeg,,"",,0,0,false,333,Goleta,34.4631233215,-120.0341796875,257,,,,257,,,false,,,,Agaricus bernardii,Salt-loving Agaricus,Fungi,343586
262036784,eb7b4460-7e10-4c7b-a110-013cec2ad8a2,Mon Feb 17 2025 13:43:26 GMT -0800 (PST),2025-02-17,2025-02-17 21:43:26 UTC,Pacific Time (US & Canada),6118043,hunter3ross,,2025-02-17 21:43:38 UTC,2025-02-17 21:58:59 UTC,research,CC-BY-NC,https://www.inaturalist.org/observations/262036784,https://inaturalist-open-data.s3.amazonaws.com/photos/470837284/medium.jpeg,,"",,1,0,false,333,Goleta,34.463432312,-120.0357055664,166,,,,166,,,false,,,castor bean,Ricinus communis,castor bean,Plantae,56739
265486541,ecf63501-e20e-4fcc-bd0c-8f5d9e7d700f,2025-03-15 18:09:08-07:00,2025-03-15,2025-03-16 01:09:08 UTC,Pacific Time (US & Canada),6118043,hunter3ross,,2025-03-16 01:10:19 UTC,2025-03-16 16:59:30 UTC,research,CC-BY-NC,https://www.inaturalist.org/observations/265486541,https://inaturalist-open-data.s3.amazonaws.com/photos/476881569/medium.jpg,,"","",1,0,false,3,"Sands Beach, Goleta, CA, US",34.40932,-119.8715883333,3,,,,3,,,false,,,By-the-wind Sailor,Velella velella,By-the-wind Sailor,Animalia,59698
268266150,ffdee068-ed3b-4d6a-9421-99bcb7e68064,,,,Pacific Time (US & Canada),6118043,hunter3ross,,2025-04-02 19:12:43 UTC,2025-04-09 20:27:25 UTC,casual,CC-BY-NC,https://www.inaturalist.org/observations/268266150,https://inaturalist-open-data.s3.amazonaws.com/photos/482186290/medium.jpg,,"","",0,0,false,3,"Abrego Rd, Goleta, CA, US",34.4139137659,-119.8613325355,2528,,,,2528,,,false,,,"",Coprinellus,,Fungi,56315
268603202,dc2d5a24-e31d-44ea-b167-118c76d9e7d7,Fri Apr 04 2025 12:49:50 GMT -0700 (PDT),2025-04-04,2025-04-04 19:49:50 UTC,Pacific Time (US & Canada),6118043,hunter3ross,,2025-04-04 19:50:06 UTC,2025-04-06 17:56:43 UTC,research,CC-BY-NC,https://www.inaturalist.org/observations/268603202,https://inaturalist-open-data.s3.amazonaws.com/photos/482832661/medium.jpeg,,"",,1,0,false,333,Goleta,34.4147224426,-119.8432540894,3,,,,3,,,false,,,Steelblue Lady Beetle,Halmus chalybeus,Steelblue Lady Beetle,Insecta,244625
271323294,802846ee-e9bd-44f2-893e-2a7dc2d27fc9,Fri Apr 18 2025 16:24:42 GMT -0700 (PDT),2025-04-18,2025-04-18 23:24:42 UTC,Pacific Time (US & Canada),6118043,hunter3ross,,2025-04-18 23:24:54 UTC,2025-04-21 01:03:36 UTC,research,CC-BY-NC,https://www.inaturalist.org/observations/271323294,https://inaturalist-open-data.s3.amazonaws.com/photos/488127104/medium.jpg,,"",,1,0,false,333,Santa Barbara,34.4714698792,-119.6890411377,17,,,,17,,,false,,,Southern Pacific Banana Slug,Ariolimax stramineus,Southern Pacific Banana Slug,Mollusca,560098
271367470,060b9bf7-6abc-4f58-9606-15f56f829684,2025-04-18 18:11:03-07:00,2025-04-18,2025-04-19 01:11:03 UTC,Pacific Time (US & Canada),6118043,hunter3ross,,2025-04-19 04:15:56 UTC,2025-04-19 15:18:30 UTC,needs_id,CC-BY-NC,https://www.inaturalist.org/observations/271367470,https://inaturalist-open-data.s3.amazonaws.com/photos/488144465/medium.jpg,,"","",1,0,false,3,"Los Padres National Forest, Santa Barbara, CA, US",34.46023,-119.6881116667,84,,,,84,,open,false,,,greenbark ceanothus,Ceanothus spinosus,greenbark ceanothus,Plantae,64126
282140290,32c3e71c-3355-445e-9608-1be492ab51c6,Thu May 15 2025 19:25:00 GMT -0700 (PDT),2025-05-15,2025-05-16 02:25:00 UTC,Pacific Time (US & Canada),6118043,hunter3ross,,2025-05-18 18:03:49 UTC,2025-05-18 18:04:04 UTC,needs_id,CC-BY-NC,https://www.inaturalist.org/observations/282140290,https://inaturalist-open-data.s3.amazonaws.com/photos/506873597/medium.jpg,,"",,0,0,false,333,"Mojave National Preserve, San Bernardino County, US-CA, US",34.8088912964,-115.6258010864,921,,,,921,,,false,,,,Scutellaria mexicana,Paperbag Bush,Plantae,79018
282140298,78368ec5-e8f9-4a9b-a798-da9b3b976654,Thu May 15 2025 19:22:21 GMT -0700 (PDT),2025-05-15,2025-05-16 02:22:21 UTC,Pacific Time (US & Canada),6118043,hunter3ross,,2025-05-18 18:03:50 UTC,2025-05-18 18:04:03 UTC,needs_id,CC-BY-NC,https://www.inaturalist.org/observations/282140298,https://inaturalist-open-data.s3.amazonaws.com/photos/506873589/medium.jpg,,"",,0,0,false,333,"Mojave National Preserve, San Bernardino County, US-CA, US",34.8086929321,-115.6269378662,904,,,,904,,,false,,,,Acmispon rigidus,shrubby deervetch,Plantae,75279
285429417,29c041e3-6f7c-4139-aa33-2f8b7d159039,Fri May 23 2025 15:40:25 GMT -0700 (PDT),2025-05-23,2025-05-23 22:40:25 UTC,Pacific Time (US & Canada),6118043,hunter3ross,,2025-05-30 20:11:50 UTC,2025-05-31 05:25:53 UTC,research,CC-BY-NC,https://www.inaturalist.org/observations/285429417,https://inaturalist-open-data.s3.amazonaws.com/photos/513041239/medium.jpg,,"",,1,0,false,333,"Santa Barbara County, US-CA, US",34.5388031006,-119.6999588013,4,,,,4,,,false,,,Elegant Clarkia,Clarkia unguiculata,Elegant Clarkia,Plantae,51735
285441377,18b837e4-34c2-44ac-826e-e39bdd66c008,Fri May 30 2025 13:59:33 GMT -0700 (PDT),2025-05-30,2025-05-30 20:59:33 UTC,Pacific Time (US & Canada),6118043,hunter3ross,,2025-05-30 21:00:20 UTC,2025-06-01 22:04:15 UTC,needs_id,CC-BY-NC,https://www.inaturalist.org/observations/285441377,https://inaturalist-open-data.s3.amazonaws.com/photos/514303704/medium.jpg,,"",,0,0,false,333,Santa Barbara,34.5143356323,-119.7983169556,4,,,,4,,,false,,,,Clematis lasiantha,Pipestem Clematis,Plantae,49876
285456047,f2d39a0d-a8fe-4153-8c40-896108465f6c,Fri May 30 2025 15:03:29 GMT -0700 (PDT),2025-05-30,2025-05-30 22:03:29 UTC,Pacific Time (US & Canada),6118043,hunter3ross,,2025-05-30 22:03:36 UTC,2025-06-01 22:04:19 UTC,needs_id,CC-BY-NC,https://www.inaturalist.org/observations/285456047,https://inaturalist-open-data.s3.amazonaws.com/photos/514303731/medium.jpg,,"",,0,0,false,333,Santa Barbara,34.5189666748,-119.7910308838,3,,,,3,,,false,,,,Sairocarpus multiflorus,Sierra Snapdragon,Plantae,168306
286105071,8641c7e6-0f8b-4f5f-b274-4e4877c23287,Fri May 30 2025 14:34:05 GMT -0700 (PDT),2025-05-30,2025-05-30 21:34:05 UTC,Pacific Time (US & Canada),6118043,hunter3ross,,2025-06-01 22:04:08 UTC,2025-06-02 02:29:22 UTC,research,CC-BY-NC,https://www.inaturalist.org/observations/286105071,https://inaturalist-open-data.s3.amazonaws.com/photos/514303718/medium.jpg,,"",,1,0,false,333,"Santa Barbara County, US-CA, US",34.5175552368,-119.7942123413,4,,,,4,,,false,,,Chia,Salvia columbariae,Chia,Plantae,53200
286106388,2009a447-143e-49ed-b2d3-cf6d6e2e93b3,2025-05-31 16:48:50-07:00,2025-05-31,2025-05-31 23:48:50 UTC,Pacific Time (US & Canada),6118043,hunter3ross,,2025-06-01 22:08:37 UTC,2025-06-01 22:08:50 UTC,needs_id,CC-BY-NC,https://www.inaturalist.org/observations/286106388,https://inaturalist-open-data.s3.amazonaws.com/photos/514306067/medium.jpg,,"","",0,0,false,3,"Los Padres National Forest, Santa Barbara, CA, US",34.5393216667,-119.706375,2,,,,2,,,false,,,"",Euphydryas,,Insecta,50896
286106461,456ca2a5-a322-4fa4-81bf-84d9e4815f2d,2025-05-30 15:42:25-07:00,2025-05-30,2025-05-30 22:42:25 UTC,Pacific Time (US & Canada),6118043,hunter3ross,,2025-06-01 22:08:59 UTC,2025-06-01 22:09:07 UTC,needs_id,CC-BY-NC,https://www.inaturalist.org/observations/286106461,https://inaturalist-open-data.s3.amazonaws.com/photos/514306266/medium.jpg,,"","",0,0,false,3,"Los Padres National Forest, Santa Barbara, CA, US",34.518455,-119.782945,3,,,,3,,,false,,,"",Dudleya,Liveforever,Plantae,51891
286107738,b550cf85-f26e-43e1-a03e-3d02f28bb030,2025-05-30 13:11:40-07:00,2025-05-30,2025-05-30 20:11:40 UTC,Pacific Time (US & Canada),6118043,hunter3ross,,2025-06-01 22:13:48 UTC,2025-06-02 02:29:16 UTC,research,CC-BY-NC,https://www.inaturalist.org/observations/286107738,https://inaturalist-open-data.s3.amazonaws.com/photos/514308598/medium.jpg,,"","",1,0,false,3,"Los Padres National Forest, Santa Barbara, CA, US",34.5138666667,-119.8022083333,3,,,,3,,,false,,,Golden Yarrow,Eriophyllum confertiflorum,Golden Yarrow,Plantae,53395
286107808,7b693f28-a057-4bc0-a0c6-d5a9a67fee45,2025-05-30 12:56:32-07:00,2025-05-30,2025-05-30 19:56:32 UTC,Pacific Time (US & Canada),6118043,hunter3ross,,2025-06-01 22:14:07 UTC,2025-06-01 22:14:24 UTC,needs_id,CC-BY-NC,https://www.inaturalist.org/observations/286107808,https://inaturalist-open-data.s3.amazonaws.com/photos/514308784/medium.jpg,,"","",0,0,false,3,"Los Padres National Forest, Santa Barbara, CA, US",34.5142216667,-119.80327,4,,,,4,,,false,,,"",Trifolium,clovers,Plantae,51876
286107911,9950a602-d67d-4eb3-b1f1-4600e75a9274,2025-05-30 13:52:24-07:00,2025-05-30,2025-05-30 20:52:24 UTC,Pacific Time (US & Canada),6118043,hunter3ross,,2025-06-01 22:14:34 UTC,2025-06-01 22:14:38 UTC,needs_id,CC-BY-NC,https://www.inaturalist.org/observations/286107911,https://inaturalist-open-data.s3.amazonaws.com/photos/514308930/medium.jpg,,"","",0,0,false,3,"Los Padres National Forest, Santa Barbara, CA, US",34.51438,-119.7984866667,15,,,,15,,,false,,,"",Endelomyia aethiops,Rose Slug Sawfly,Insecta,483621
286108027,4d23d768-7ec7-43d7-8cb9-93994a8a48d0,2025-05-17 09:09:36-07:00,2025-05-17,2025-05-17 16:09:36 UTC,Pacific Time (US & Canada),6118043,hunter3ross,,2025-06-01 22:15:09 UTC,2025-06-01 22:15:14 UTC,needs_id,CC-BY-NC,https://www.inaturalist.org/observations/286108027,https://inaturalist-open-data.s3.amazonaws.com/photos/514309217/medium.jpg,,"","",0,0,false,3,"Mojave National Preserve, Essex, CA, US",35.155,-115.3347783333,4,,,,4,,,false,,,"",Sphaeralcea ambigua,apricot mallow,Plantae,50153
